{"timestamp":"2026-05-22T10:08:49.454825Z","level":"info","event":"Filling up the DagBag from /opt/airflow/dags/bronze_layer.py","logger":"airflow.dag_processing.dagbag.BundleDagBag","filename":"dagbag.py","lineno":469}
{"timestamp":"2026-05-22T10:09:19.897778Z","level":"info","event":"Filling up the DagBag from /opt/airflow/dags/bronze_layer.py","logger":"airflow.dag_processing.dagbag.BundleDagBag","filename":"dagbag.py","lineno":469}
{"timestamp":"2026-05-22T10:09:50.710587Z","level":"info","event":"Filling up the DagBag from /opt/airflow/dags/bronze_layer.py","logger":"airflow.dag_processing.dagbag.BundleDagBag","filename":"dagbag.py","lineno":469}
{"timestamp":"2026-05-22T10:10:21.950290Z","level":"info","event":"Filling up the DagBag from /opt/airflow/dags/bronze_layer.py","logger":"airflow.dag_processing.dagbag.BundleDagBag","filename":"dagbag.py","lineno":469}
{"timestamp":"2026-05-22T10:10:52.993710Z","level":"info","event":"Filling up the DagBag from /opt/airflow/dags/bronze_layer.py","logger":"airflow.dag_processing.dagbag.BundleDagBag","filename":"dagbag.py","lineno":469}
{"timestamp":"2026-05-22T10:11:24.865144Z","level":"info","event":"Filling up the DagBag from /opt/airflow/dags/bronze_layer.py","logger":"airflow.dag_processing.dagbag.BundleDagBag","filename":"dagbag.py","lineno":469}
{"timestamp":"2026-05-22T10:11:56.490394Z","level":"info","event":"Filling up the DagBag from /opt/airflow/dags/bronze_layer.py","logger":"airflow.dag_processing.dagbag.BundleDagBag","filename":"dagbag.py","lineno":469}
{"timestamp":"2026-05-22T10:12:28.095306Z","level":"info","event":"Filling up the DagBag from /opt/airflow/dags/bronze_layer.py","logger":"airflow.dag_processing.dagbag.BundleDagBag","filename":"dagbag.py","lineno":469}
{"timestamp":"2026-05-22T10:12:58.787146Z","level":"info","event":"Filling up the DagBag from /opt/airflow/dags/bronze_layer.py","logger":"airflow.dag_processing.dagbag.BundleDagBag","filename":"dagbag.py","lineno":469}
{"timestamp":"2026-05-22T10:13:29.613365Z","level":"info","event":"Filling up the DagBag from /opt/airflow/dags/bronze_layer.py","logger":"airflow.dag_processing.dagbag.BundleDagBag","filename":"dagbag.py","lineno":469}
{"timestamp":"2026-05-22T10:14:00.256713Z","level":"info","event":"Filling up the DagBag from /opt/airflow/dags/bronze_layer.py","logger":"airflow.dag_processing.dagbag.BundleDagBag","filename":"dagbag.py","lineno":469}
{"timestamp":"2026-05-22T10:14:31.205502Z","level":"info","event":"Filling up the DagBag from /opt/airflow/dags/bronze_layer.py","logger":"airflow.dag_processing.dagbag.BundleDagBag","filename":"dagbag.py","lineno":469}
{"timestamp":"2026-05-22T10:15:01.816425Z","level":"info","event":"Filling up the DagBag from /opt/airflow/dags/bronze_layer.py","logger":"airflow.dag_processing.dagbag.BundleDagBag","filename":"dagbag.py","lineno":469}
{"timestamp":"2026-05-22T10:15:32.570791Z","level":"info","event":"Filling up the DagBag from /opt/airflow/dags/bronze_layer.py","logger":"airflow.dag_processing.dagbag.BundleDagBag","filename":"dagbag.py","lineno":469}
{"timestamp":"2026-05-22T10:16:03.047300Z","level":"info","event":"Filling up the DagBag from /opt/airflow/dags/bronze_layer.py","logger":"airflow.dag_processing.dagbag.BundleDagBag","filename":"dagbag.py","lineno":469}
{"timestamp":"2026-05-22T10:16:33.470730Z","level":"info","event":"Filling up the DagBag from /opt/airflow/dags/bronze_layer.py","logger":"airflow.dag_processing.dagbag.BundleDagBag","filename":"dagbag.py","lineno":469}
{"timestamp":"2026-05-22T10:17:04.819255Z","level":"info","event":"Filling up the DagBag from /opt/airflow/dags/bronze_layer.py","logger":"airflow.dag_processing.dagbag.BundleDagBag","filename":"dagbag.py","lineno":469}
{"timestamp":"2026-05-22T10:17:35.676471Z","level":"info","event":"Filling up the DagBag from /opt/airflow/dags/bronze_layer.py","logger":"airflow.dag_processing.dagbag.BundleDagBag","filename":"dagbag.py","lineno":469}
{"timestamp":"2026-05-22T10:18:06.603361Z","level":"info","event":"Filling up the DagBag from /opt/airflow/dags/bronze_layer.py","logger":"airflow.dag_processing.dagbag.BundleDagBag","filename":"dagbag.py","lineno":469}
{"timestamp":"2026-05-22T10:18:37.333098Z","level":"info","event":"Filling up the DagBag from /opt/airflow/dags/bronze_layer.py","logger":"airflow.dag_processing.dagbag.BundleDagBag","filename":"dagbag.py","lineno":469}
{"timestamp":"2026-05-22T10:19:07.594704Z","level":"info","event":"Filling up the DagBag from /opt/airflow/dags/bronze_layer.py","logger":"airflow.dag_processing.dagbag.BundleDagBag","filename":"dagbag.py","lineno":469}
{"timestamp":"2026-05-22T10:19:38.010999Z","level":"info","event":"Filling up the DagBag from /opt/airflow/dags/bronze_layer.py","logger":"airflow.dag_processing.dagbag.BundleDagBag","filename":"dagbag.py","lineno":469}
{"timestamp":"2026-05-22T10:20:08.343846Z","level":"info","event":"Filling up the DagBag from /opt/airflow/dags/bronze_layer.py","logger":"airflow.dag_processing.dagbag.BundleDagBag","filename":"dagbag.py","lineno":469}
{"timestamp":"2026-05-22T10:20:39.185741Z","level":"info","event":"Filling up the DagBag from /opt/airflow/dags/bronze_layer.py","logger":"airflow.dag_processing.dagbag.BundleDagBag","filename":"dagbag.py","lineno":469}
{"timestamp":"2026-05-22T10:21:10.304168Z","level":"info","event":"Filling up the DagBag from /opt/airflow/dags/bronze_layer.py","logger":"airflow.dag_processing.dagbag.BundleDagBag","filename":"dagbag.py","lineno":469}
{"timestamp":"2026-05-22T10:21:41.446933Z","level":"info","event":"Filling up the DagBag from /opt/airflow/dags/bronze_layer.py","logger":"airflow.dag_processing.dagbag.BundleDagBag","filename":"dagbag.py","lineno":469}
{"timestamp":"2026-05-22T10:22:21.089589Z","level":"info","event":"Filling up the DagBag from /opt/airflow/dags/bronze_layer.py","logger":"airflow.dag_processing.dagbag.BundleDagBag","filename":"dagbag.py","lineno":469}
{"timestamp":"2026-05-22T10:23:47.678666Z","level":"info","event":"Filling up the DagBag from /opt/airflow/dags/bronze_layer.py","logger":"airflow.dag_processing.dagbag.BundleDagBag","filename":"dagbag.py","lineno":469}
{"timestamp":"2026-05-22T10:25:06.582686Z","level":"info","event":"Filling up the DagBag from /opt/airflow/dags/bronze_layer.py","logger":"airflow.dag_processing.dagbag.BundleDagBag","filename":"dagbag.py","lineno":469}
{"timestamp":"2026-05-22T10:25:49.876339Z","level":"info","event":"Filling up the DagBag from /opt/airflow/dags/bronze_layer.py","logger":"airflow.dag_processing.dagbag.BundleDagBag","filename":"dagbag.py","lineno":469}
{"timestamp":"2026-05-22T10:26:38.859046Z","level":"info","event":"Filling up the DagBag from /opt/airflow/dags/bronze_layer.py","logger":"airflow.dag_processing.dagbag.BundleDagBag","filename":"dagbag.py","lineno":469}
{"timestamp":"2026-05-22T10:27:18.311380Z","level":"info","event":"Filling up the DagBag from /opt/airflow/dags/bronze_layer.py","logger":"airflow.dag_processing.dagbag.BundleDagBag","filename":"dagbag.py","lineno":469}
{"timestamp":"2026-05-22T10:28:06.648631Z","level":"info","event":"Filling up the DagBag from /opt/airflow/dags/bronze_layer.py","logger":"airflow.dag_processing.dagbag.BundleDagBag","filename":"dagbag.py","lineno":469}
{"timestamp":"2026-05-22T10:28:49.505794Z","level":"info","event":"Filling up the DagBag from /opt/airflow/dags/bronze_layer.py","logger":"airflow.dag_processing.dagbag.BundleDagBag","filename":"dagbag.py","lineno":469}
{"timestamp":"2026-05-22T10:29:32.685163Z","level":"info","event":"Filling up the DagBag from /opt/airflow/dags/bronze_layer.py","logger":"airflow.dag_processing.dagbag.BundleDagBag","filename":"dagbag.py","lineno":469}
{"timestamp":"2026-05-22T10:30:18.667876Z","level":"info","event":"Filling up the DagBag from /opt/airflow/dags/bronze_layer.py","logger":"airflow.dag_processing.dagbag.BundleDagBag","filename":"dagbag.py","lineno":469}
{"timestamp":"2026-05-22T10:31:00.816606Z","level":"info","event":"Filling up the DagBag from /opt/airflow/dags/bronze_layer.py","logger":"airflow.dag_processing.dagbag.BundleDagBag","filename":"dagbag.py","lineno":469}
{"timestamp":"2026-05-22T10:31:39.994990Z","level":"info","event":"Filling up the DagBag from /opt/airflow/dags/bronze_layer.py","logger":"airflow.dag_processing.dagbag.BundleDagBag","filename":"dagbag.py","lineno":469}
{"timestamp":"2026-05-22T10:32:14.520799Z","level":"info","event":"Filling up the DagBag from /opt/airflow/dags/bronze_layer.py","logger":"airflow.dag_processing.dagbag.BundleDagBag","filename":"dagbag.py","lineno":469}
{"timestamp":"2026-05-22T10:32:56.940739Z","level":"info","event":"Filling up the DagBag from /opt/airflow/dags/bronze_layer.py","logger":"airflow.dag_processing.dagbag.BundleDagBag","filename":"dagbag.py","lineno":469}
{"timestamp":"2026-05-22T10:33:31.807977Z","level":"info","event":"Filling up the DagBag from /opt/airflow/dags/bronze_layer.py","logger":"airflow.dag_processing.dagbag.BundleDagBag","filename":"dagbag.py","lineno":469}
{"timestamp":"2026-05-22T10:34:07.248372Z","level":"info","event":"Filling up the DagBag from /opt/airflow/dags/bronze_layer.py","logger":"airflow.dag_processing.dagbag.BundleDagBag","filename":"dagbag.py","lineno":469}
{"timestamp":"2026-05-22T10:34:38.608188Z","level":"info","event":"Filling up the DagBag from /opt/airflow/dags/bronze_layer.py","logger":"airflow.dag_processing.dagbag.BundleDagBag","filename":"dagbag.py","lineno":469}
{"timestamp":"2026-05-22T10:35:09.610692Z","level":"info","event":"Filling up the DagBag from /opt/airflow/dags/bronze_layer.py","logger":"airflow.dag_processing.dagbag.BundleDagBag","filename":"dagbag.py","lineno":469}
{"timestamp":"2026-05-22T10:35:40.420122Z","level":"info","event":"Filling up the DagBag from /opt/airflow/dags/bronze_layer.py","logger":"airflow.dag_processing.dagbag.BundleDagBag","filename":"dagbag.py","lineno":469}
{"timestamp":"2026-05-22T10:36:15.347639Z","level":"info","event":"Filling up the DagBag from /opt/airflow/dags/bronze_layer.py","logger":"airflow.dag_processing.dagbag.BundleDagBag","filename":"dagbag.py","lineno":469}
{"timestamp":"2026-05-22T10:36:48.116768Z","level":"info","event":"Filling up the DagBag from /opt/airflow/dags/bronze_layer.py","logger":"airflow.dag_processing.dagbag.BundleDagBag","filename":"dagbag.py","lineno":469}
{"timestamp":"2026-05-22T10:37:29.438824Z","level":"info","event":"Filling up the DagBag from /opt/airflow/dags/bronze_layer.py","logger":"airflow.dag_processing.dagbag.BundleDagBag","filename":"dagbag.py","lineno":469}
{"timestamp":"2026-05-22T10:38:02.811605Z","level":"info","event":"Filling up the DagBag from /opt/airflow/dags/bronze_layer.py","logger":"airflow.dag_processing.dagbag.BundleDagBag","filename":"dagbag.py","lineno":469}
{"timestamp":"2026-05-22T10:38:35.503326Z","level":"info","event":"Filling up the DagBag from /opt/airflow/dags/bronze_layer.py","logger":"airflow.dag_processing.dagbag.BundleDagBag","filename":"dagbag.py","lineno":469}
{"timestamp":"2026-05-22T10:39:06.862682Z","level":"info","event":"Filling up the DagBag from /opt/airflow/dags/bronze_layer.py","logger":"airflow.dag_processing.dagbag.BundleDagBag","filename":"dagbag.py","lineno":469}
{"timestamp":"2026-05-22T10:39:39.610084Z","level":"info","event":"Filling up the DagBag from /opt/airflow/dags/bronze_layer.py","logger":"airflow.dag_processing.dagbag.BundleDagBag","filename":"dagbag.py","lineno":469}
{"timestamp":"2026-05-22T10:40:10.173809Z","level":"info","event":"Filling up the DagBag from /opt/airflow/dags/bronze_layer.py","logger":"airflow.dag_processing.dagbag.BundleDagBag","filename":"dagbag.py","lineno":469}
{"timestamp":"2026-05-22T10:40:40.876430Z","level":"info","event":"Filling up the DagBag from /opt/airflow/dags/bronze_layer.py","logger":"airflow.dag_processing.dagbag.BundleDagBag","filename":"dagbag.py","lineno":469}
{"timestamp":"2026-05-22T10:41:12.046893Z","level":"info","event":"Filling up the DagBag from /opt/airflow/dags/bronze_layer.py","logger":"airflow.dag_processing.dagbag.BundleDagBag","filename":"dagbag.py","lineno":469}
{"timestamp":"2026-05-22T10:41:48.856454Z","level":"info","event":"Filling up the DagBag from /opt/airflow/dags/bronze_layer.py","logger":"airflow.dag_processing.dagbag.BundleDagBag","filename":"dagbag.py","lineno":469}
{"timestamp":"2026-05-22T10:42:19.411272Z","level":"info","event":"Filling up the DagBag from /opt/airflow/dags/bronze_layer.py","logger":"airflow.dag_processing.dagbag.BundleDagBag","filename":"dagbag.py","lineno":469}
{"timestamp":"2026-05-22T10:42:49.870154Z","level":"info","event":"Filling up the DagBag from /opt/airflow/dags/bronze_layer.py","logger":"airflow.dag_processing.dagbag.BundleDagBag","filename":"dagbag.py","lineno":469}
{"timestamp":"2026-05-22T10:43:21.964378Z","level":"info","event":"Filling up the DagBag from /opt/airflow/dags/bronze_layer.py","logger":"airflow.dag_processing.dagbag.BundleDagBag","filename":"dagbag.py","lineno":469}
{"timestamp":"2026-05-22T10:43:52.875673Z","level":"info","event":"Filling up the DagBag from /opt/airflow/dags/bronze_layer.py","logger":"airflow.dag_processing.dagbag.BundleDagBag","filename":"dagbag.py","lineno":469}
{"timestamp":"2026-05-22T10:44:24.791723Z","level":"info","event":"Filling up the DagBag from /opt/airflow/dags/bronze_layer.py","logger":"airflow.dag_processing.dagbag.BundleDagBag","filename":"dagbag.py","lineno":469}
{"timestamp":"2026-05-22T10:44:56.754038Z","level":"info","event":"Filling up the DagBag from /opt/airflow/dags/bronze_layer.py","logger":"airflow.dag_processing.dagbag.BundleDagBag","filename":"dagbag.py","lineno":469}
{"timestamp":"2026-05-22T10:45:28.756025Z","level":"info","event":"Filling up the DagBag from /opt/airflow/dags/bronze_layer.py","logger":"airflow.dag_processing.dagbag.BundleDagBag","filename":"dagbag.py","lineno":469}
{"timestamp":"2026-05-22T10:46:00.680283Z","level":"info","event":"Filling up the DagBag from /opt/airflow/dags/bronze_layer.py","logger":"airflow.dag_processing.dagbag.BundleDagBag","filename":"dagbag.py","lineno":469}
{"timestamp":"2026-05-22T10:46:34.480953Z","level":"info","event":"Filling up the DagBag from /opt/airflow/dags/bronze_layer.py","logger":"airflow.dag_processing.dagbag.BundleDagBag","filename":"dagbag.py","lineno":469}
{"timestamp":"2026-05-22T10:47:04.926596Z","level":"info","event":"Filling up the DagBag from /opt/airflow/dags/bronze_layer.py","logger":"airflow.dag_processing.dagbag.BundleDagBag","filename":"dagbag.py","lineno":469}
{"timestamp":"2026-05-22T10:47:35.440077Z","level":"info","event":"Filling up the DagBag from /opt/airflow/dags/bronze_layer.py","logger":"airflow.dag_processing.dagbag.BundleDagBag","filename":"dagbag.py","lineno":469}
{"timestamp":"2026-05-22T10:48:05.596092Z","level":"info","event":"Filling up the DagBag from /opt/airflow/dags/bronze_layer.py","logger":"airflow.dag_processing.dagbag.BundleDagBag","filename":"dagbag.py","lineno":469}
{"timestamp":"2026-05-22T10:48:39.776864Z","level":"info","event":"Filling up the DagBag from /opt/airflow/dags/bronze_layer.py","logger":"airflow.dag_processing.dagbag.BundleDagBag","filename":"dagbag.py","lineno":469}
{"timestamp":"2026-05-22T10:49:10.150880Z","level":"info","event":"Filling up the DagBag from /opt/airflow/dags/bronze_layer.py","logger":"airflow.dag_processing.dagbag.BundleDagBag","filename":"dagbag.py","lineno":469}
{"timestamp":"2026-05-22T10:49:40.834022Z","level":"info","event":"Filling up the DagBag from /opt/airflow/dags/bronze_layer.py","logger":"airflow.dag_processing.dagbag.BundleDagBag","filename":"dagbag.py","lineno":469}
{"timestamp":"2026-05-22T10:50:11.444165Z","level":"info","event":"Filling up the DagBag from /opt/airflow/dags/bronze_layer.py","logger":"airflow.dag_processing.dagbag.BundleDagBag","filename":"dagbag.py","lineno":469}
{"timestamp":"2026-05-22T10:50:44.334001Z","level":"info","event":"Filling up the DagBag from /opt/airflow/dags/bronze_layer.py","logger":"airflow.dag_processing.dagbag.BundleDagBag","filename":"dagbag.py","lineno":469}
{"timestamp":"2026-05-22T10:51:20.050033Z","level":"info","event":"Filling up the DagBag from /opt/airflow/dags/bronze_layer.py","logger":"airflow.dag_processing.dagbag.BundleDagBag","filename":"dagbag.py","lineno":469}
{"timestamp":"2026-05-22T10:51:52.287046Z","level":"info","event":"Filling up the DagBag from /opt/airflow/dags/bronze_layer.py","logger":"airflow.dag_processing.dagbag.BundleDagBag","filename":"dagbag.py","lineno":469}
{"timestamp":"2026-05-22T10:52:23.838867Z","level":"info","event":"Filling up the DagBag from /opt/airflow/dags/bronze_layer.py","logger":"airflow.dag_processing.dagbag.BundleDagBag","filename":"dagbag.py","lineno":469}
{"timestamp":"2026-05-22T10:52:54.326272Z","level":"info","event":"Filling up the DagBag from /opt/airflow/dags/bronze_layer.py","logger":"airflow.dag_processing.dagbag.BundleDagBag","filename":"dagbag.py","lineno":469}
{"timestamp":"2026-05-22T10:53:25.071870Z","level":"info","event":"Filling up the DagBag from /opt/airflow/dags/bronze_layer.py","logger":"airflow.dag_processing.dagbag.BundleDagBag","filename":"dagbag.py","lineno":469}
{"timestamp":"2026-05-22T10:53:55.357480Z","level":"info","event":"Filling up the DagBag from /opt/airflow/dags/bronze_layer.py","logger":"airflow.dag_processing.dagbag.BundleDagBag","filename":"dagbag.py","lineno":469}
{"timestamp":"2026-05-22T10:54:27.993058Z","level":"info","event":"Filling up the DagBag from /opt/airflow/dags/bronze_layer.py","logger":"airflow.dag_processing.dagbag.BundleDagBag","filename":"dagbag.py","lineno":469}
{"timestamp":"2026-05-22T10:54:58.666861Z","level":"info","event":"Filling up the DagBag from /opt/airflow/dags/bronze_layer.py","logger":"airflow.dag_processing.dagbag.BundleDagBag","filename":"dagbag.py","lineno":469}
{"timestamp":"2026-05-22T10:55:29.653068Z","level":"info","event":"Filling up the DagBag from /opt/airflow/dags/bronze_layer.py","logger":"airflow.dag_processing.dagbag.BundleDagBag","filename":"dagbag.py","lineno":469}
{"timestamp":"2026-05-22T10:56:01.235176Z","level":"info","event":"Filling up the DagBag from /opt/airflow/dags/bronze_layer.py","logger":"airflow.dag_processing.dagbag.BundleDagBag","filename":"dagbag.py","lineno":469}
{"timestamp":"2026-05-22T10:56:32.374623Z","level":"info","event":"Filling up the DagBag from /opt/airflow/dags/bronze_layer.py","logger":"airflow.dag_processing.dagbag.BundleDagBag","filename":"dagbag.py","lineno":469}
{"timestamp":"2026-05-22T10:57:03.542835Z","level":"info","event":"Filling up the DagBag from /opt/airflow/dags/bronze_layer.py","logger":"airflow.dag_processing.dagbag.BundleDagBag","filename":"dagbag.py","lineno":469}
{"timestamp":"2026-05-22T10:57:36.472360Z","level":"info","event":"Filling up the DagBag from /opt/airflow/dags/bronze_layer.py","logger":"airflow.dag_processing.dagbag.BundleDagBag","filename":"dagbag.py","lineno":469}
{"timestamp":"2026-05-22T10:58:07.216986Z","level":"info","event":"Filling up the DagBag from /opt/airflow/dags/bronze_layer.py","logger":"airflow.dag_processing.dagbag.BundleDagBag","filename":"dagbag.py","lineno":469}
{"timestamp":"2026-05-22T10:58:37.481743Z","level":"info","event":"Filling up the DagBag from /opt/airflow/dags/bronze_layer.py","logger":"airflow.dag_processing.dagbag.BundleDagBag","filename":"dagbag.py","lineno":469}
{"timestamp":"2026-05-22T10:59:07.835568Z","level":"info","event":"Filling up the DagBag from /opt/airflow/dags/bronze_layer.py","logger":"airflow.dag_processing.dagbag.BundleDagBag","filename":"dagbag.py","lineno":469}
{"timestamp":"2026-05-22T10:59:38.715227Z","level":"info","event":"Filling up the DagBag from /opt/airflow/dags/bronze_layer.py","logger":"airflow.dag_processing.dagbag.BundleDagBag","filename":"dagbag.py","lineno":469}
{"timestamp":"2026-05-22T11:00:09.957707Z","level":"info","event":"Filling up the DagBag from /opt/airflow/dags/bronze_layer.py","logger":"airflow.dag_processing.dagbag.BundleDagBag","filename":"dagbag.py","lineno":469}
{"timestamp":"2026-05-22T11:00:40.192711Z","level":"info","event":"Filling up the DagBag from /opt/airflow/dags/bronze_layer.py","logger":"airflow.dag_processing.dagbag.BundleDagBag","filename":"dagbag.py","lineno":469}
{"timestamp":"2026-05-22T11:01:10.591913Z","level":"info","event":"Filling up the DagBag from /opt/airflow/dags/bronze_layer.py","logger":"airflow.dag_processing.dagbag.BundleDagBag","filename":"dagbag.py","lineno":469}
{"timestamp":"2026-05-22T11:01:40.809539Z","level":"info","event":"Filling up the DagBag from /opt/airflow/dags/bronze_layer.py","logger":"airflow.dag_processing.dagbag.BundleDagBag","filename":"dagbag.py","lineno":469}
{"timestamp":"2026-05-22T11:02:11.705818Z","level":"info","event":"Filling up the DagBag from /opt/airflow/dags/bronze_layer.py","logger":"airflow.dag_processing.dagbag.BundleDagBag","filename":"dagbag.py","lineno":469}
{"timestamp":"2026-05-22T11:02:42.683666Z","level":"info","event":"Filling up the DagBag from /opt/airflow/dags/bronze_layer.py","logger":"airflow.dag_processing.dagbag.BundleDagBag","filename":"dagbag.py","lineno":469}
{"timestamp":"2026-05-22T11:03:12.924821Z","level":"info","event":"Filling up the DagBag from /opt/airflow/dags/bronze_layer.py","logger":"airflow.dag_processing.dagbag.BundleDagBag","filename":"dagbag.py","lineno":469}
{"timestamp":"2026-05-22T11:03:43.801131Z","level":"info","event":"Filling up the DagBag from /opt/airflow/dags/bronze_layer.py","logger":"airflow.dag_processing.dagbag.BundleDagBag","filename":"dagbag.py","lineno":469}
{"timestamp":"2026-05-22T11:04:14.303248Z","level":"info","event":"Filling up the DagBag from /opt/airflow/dags/bronze_layer.py","logger":"airflow.dag_processing.dagbag.BundleDagBag","filename":"dagbag.py","lineno":469}
{"timestamp":"2026-05-22T11:04:44.979506Z","level":"info","event":"Filling up the DagBag from /opt/airflow/dags/bronze_layer.py","logger":"airflow.dag_processing.dagbag.BundleDagBag","filename":"dagbag.py","lineno":469}
{"timestamp":"2026-05-22T11:05:15.242621Z","level":"info","event":"Filling up the DagBag from /opt/airflow/dags/bronze_layer.py","logger":"airflow.dag_processing.dagbag.BundleDagBag","filename":"dagbag.py","lineno":469}
{"timestamp":"2026-05-22T11:05:45.901793Z","level":"info","event":"Filling up the DagBag from /opt/airflow/dags/bronze_layer.py","logger":"airflow.dag_processing.dagbag.BundleDagBag","filename":"dagbag.py","lineno":469}
{"timestamp":"2026-05-22T11:06:16.367732Z","level":"info","event":"Filling up the DagBag from /opt/airflow/dags/bronze_layer.py","logger":"airflow.dag_processing.dagbag.BundleDagBag","filename":"dagbag.py","lineno":469}
{"timestamp":"2026-05-22T11:06:22.086566Z","level":"info","event":"Filling up the DagBag from /opt/airflow/dags/bronze_layer.py","logger":"airflow.dag_processing.dagbag.BundleDagBag","filename":"dagbag.py","lineno":469}
{"timestamp":"2026-05-22T11:06:22.105320Z","level":"error","event":"Failed to import: /opt/airflow/dags/bronze_layer.py","logger":"airflow.dag_processing.importers.python_importer","filename":"python_importer.py","lineno":244,"error_detail":[{"exc_type":"IndentationError","exc_value":"expected an indented block after function definition on line 139 (bronze_layer.py, line 145)","exc_notes":[],"syntax_error":{"offset":5,"filename":"/opt/airflow/dags/bronze_layer.py","line":"    crm_files = [\n","lineno":145,"msg":"expected an indented block after function definition on line 139"},"is_cause":false,"frames":[{"filename":"/home/airflow/.local/lib/python3.13/site-packages/airflow/dag_processing/importers/python_importer.py","lineno":238,"name":"parse"},{"filename":"<frozen importlib._bootstrap_external>","lineno":1019,"name":"exec_module"},{"filename":"<frozen importlib._bootstrap_external>","lineno":1157,"name":"get_code"},{"filename":"<frozen importlib._bootstrap_external>","lineno":1087,"name":"source_to_code"},{"filename":"<frozen importlib._bootstrap>","lineno":488,"name":"_call_with_frames_removed"}],"is_group":false,"exceptions":[]}]}
{"timestamp":"2026-05-22T11:06:22.113442Z","level":"error","event":"Error loading DAG from bronze_layer.py: expected an indented block after function definition on line 139 (bronze_layer.py, line 145)","logger":"airflow.dag_processing.dagbag.BundleDagBag","filename":"dagbag.py","lineno":327}
{"timestamp":"2026-05-22T11:06:35.105111Z","level":"info","event":"Filling up the DagBag from /opt/airflow/dags/bronze_layer.py","logger":"airflow.dag_processing.dagbag.BundleDagBag","filename":"dagbag.py","lineno":469}
{"timestamp":"2026-05-22T11:06:35.148674Z","level":"error","event":"Failed to import: /opt/airflow/dags/bronze_layer.py","logger":"airflow.dag_processing.importers.python_importer","filename":"python_importer.py","lineno":244,"error_detail":[{"exc_type":"IndentationError","exc_value":"expected an indented block after function definition on line 139 (bronze_layer.py, line 145)","exc_notes":[],"syntax_error":{"offset":5,"filename":"/opt/airflow/dags/bronze_layer.py","line":"    crm_files = [\n","lineno":145,"msg":"expected an indented block after function definition on line 139"},"is_cause":false,"frames":[{"filename":"/home/airflow/.local/lib/python3.13/site-packages/airflow/dag_processing/importers/python_importer.py","lineno":238,"name":"parse"},{"filename":"<frozen importlib._bootstrap_external>","lineno":1019,"name":"exec_module"},{"filename":"<frozen importlib._bootstrap_external>","lineno":1157,"name":"get_code"},{"filename":"<frozen importlib._bootstrap_external>","lineno":1087,"name":"source_to_code"},{"filename":"<frozen importlib._bootstrap>","lineno":488,"name":"_call_with_frames_removed"}],"is_group":false,"exceptions":[]}]}
{"timestamp":"2026-05-22T11:06:35.151771Z","level":"error","event":"Error loading DAG from bronze_layer.py: expected an indented block after function definition on line 139 (bronze_layer.py, line 145)","logger":"airflow.dag_processing.dagbag.BundleDagBag","filename":"dagbag.py","lineno":327}
{"timestamp":"2026-05-22T11:07:05.656019Z","level":"info","event":"Filling up the DagBag from /opt/airflow/dags/bronze_layer.py","logger":"airflow.dag_processing.dagbag.BundleDagBag","filename":"dagbag.py","lineno":469}
{"timestamp":"2026-05-22T11:07:05.684830Z","level":"error","event":"Failed to import: /opt/airflow/dags/bronze_layer.py","logger":"airflow.dag_processing.importers.python_importer","filename":"python_importer.py","lineno":244,"error_detail":[{"exc_type":"IndentationError","exc_value":"expected an indented block after function definition on line 139 (bronze_layer.py, line 145)","exc_notes":[],"syntax_error":{"offset":5,"filename":"/opt/airflow/dags/bronze_layer.py","line":"    crm_files = [\n","lineno":145,"msg":"expected an indented block after function definition on line 139"},"is_cause":false,"frames":[{"filename":"/home/airflow/.local/lib/python3.13/site-packages/airflow/dag_processing/importers/python_importer.py","lineno":238,"name":"parse"},{"filename":"<frozen importlib._bootstrap_external>","lineno":1019,"name":"exec_module"},{"filename":"<frozen importlib._bootstrap_external>","lineno":1157,"name":"get_code"},{"filename":"<frozen importlib._bootstrap_external>","lineno":1087,"name":"source_to_code"},{"filename":"<frozen importlib._bootstrap>","lineno":488,"name":"_call_with_frames_removed"}],"is_group":false,"exceptions":[]}]}
{"timestamp":"2026-05-22T11:07:05.687779Z","level":"error","event":"Error loading DAG from bronze_layer.py: expected an indented block after function definition on line 139 (bronze_layer.py, line 145)","logger":"airflow.dag_processing.dagbag.BundleDagBag","filename":"dagbag.py","lineno":327}
{"timestamp":"2026-05-22T11:07:39.457751Z","level":"info","event":"Filling up the DagBag from /opt/airflow/dags/bronze_layer.py","logger":"airflow.dag_processing.dagbag.BundleDagBag","filename":"dagbag.py","lineno":469}
{"timestamp":"2026-05-22T11:08:14.053017Z","level":"info","event":"Filling up the DagBag from /opt/airflow/dags/bronze_layer.py","logger":"airflow.dag_processing.dagbag.BundleDagBag","filename":"dagbag.py","lineno":469}
{"timestamp":"2026-05-22T11:08:45.159826Z","level":"info","event":"Filling up the DagBag from /opt/airflow/dags/bronze_layer.py","logger":"airflow.dag_processing.dagbag.BundleDagBag","filename":"dagbag.py","lineno":469}
{"timestamp":"2026-05-22T11:09:16.119176Z","level":"info","event":"Filling up the DagBag from /opt/airflow/dags/bronze_layer.py","logger":"airflow.dag_processing.dagbag.BundleDagBag","filename":"dagbag.py","lineno":469}
{"timestamp":"2026-05-22T11:09:46.429194Z","level":"info","event":"Filling up the DagBag from /opt/airflow/dags/bronze_layer.py","logger":"airflow.dag_processing.dagbag.BundleDagBag","filename":"dagbag.py","lineno":469}
{"timestamp":"2026-05-22T11:10:09.589196Z","level":"info","event":"Filling up the DagBag from /opt/airflow/dags/bronze_layer.py","logger":"airflow.dag_processing.dagbag.BundleDagBag","filename":"dagbag.py","lineno":469}
{"timestamp":"2026-05-22T11:10:40.118803Z","level":"info","event":"Filling up the DagBag from /opt/airflow/dags/bronze_layer.py","logger":"airflow.dag_processing.dagbag.BundleDagBag","filename":"dagbag.py","lineno":469}
{"timestamp":"2026-05-22T11:11:05.057916Z","level":"info","event":"Filling up the DagBag from /opt/airflow/dags/bronze_layer.py","logger":"airflow.dag_processing.dagbag.BundleDagBag","filename":"dagbag.py","lineno":469}
{"timestamp":"2026-05-22T11:11:36.174297Z","level":"info","event":"Filling up the DagBag from /opt/airflow/dags/bronze_layer.py","logger":"airflow.dag_processing.dagbag.BundleDagBag","filename":"dagbag.py","lineno":469}
{"timestamp":"2026-05-22T11:12:07.240135Z","level":"info","event":"Filling up the DagBag from /opt/airflow/dags/bronze_layer.py","logger":"airflow.dag_processing.dagbag.BundleDagBag","filename":"dagbag.py","lineno":469}
{"timestamp":"2026-05-22T11:12:38.254951Z","level":"info","event":"Filling up the DagBag from /opt/airflow/dags/bronze_layer.py","logger":"airflow.dag_processing.dagbag.BundleDagBag","filename":"dagbag.py","lineno":469}
{"timestamp":"2026-05-22T11:12:38.279747Z","level":"error","event":"Failed to import: /opt/airflow/dags/bronze_layer.py","logger":"airflow.dag_processing.importers.python_importer","filename":"python_importer.py","lineno":244,"error_detail":[{"exc_type":"FileNotFoundError","exc_value":"[Errno 2] No such file or directory: '/opt/airflow/dags/datasets/source_crm/'","exc_notes":[],"syntax_error":null,"is_cause":false,"frames":[{"filename":"/home/airflow/.local/lib/python3.13/site-packages/airflow/dag_processing/importers/python_importer.py","lineno":238,"name":"parse"},{"filename":"<frozen importlib._bootstrap_external>","lineno":1023,"name":"exec_module"},{"filename":"<frozen importlib._bootstrap>","lineno":488,"name":"_call_with_frames_removed"},{"filename":"/opt/airflow/dags/bronze_layer.py","lineno":162,"name":"<module>"},{"filename":"/home/airflow/.local/lib/python3.13/site-packages/airflow/sdk/definitions/dag.py","lineno":1629,"name":"factory"},{"filename":"/opt/airflow/dags/bronze_layer.py","lineno":155,"name":"bronze_layer"}],"is_group":false,"exceptions":[]}]}
{"timestamp":"2026-05-22T11:12:38.285586Z","level":"error","event":"Error loading DAG from bronze_layer.py: [Errno 2] No such file or directory: '/opt/airflow/dags/datasets/source_crm/'","logger":"airflow.dag_processing.dagbag.BundleDagBag","filename":"dagbag.py","lineno":327}
{"timestamp":"2026-05-22T11:13:09.410673Z","level":"info","event":"Filling up the DagBag from /opt/airflow/dags/bronze_layer.py","logger":"airflow.dag_processing.dagbag.BundleDagBag","filename":"dagbag.py","lineno":469}
{"timestamp":"2026-05-22T11:13:09.450151Z","level":"error","event":"Failed to import: /opt/airflow/dags/bronze_layer.py","logger":"airflow.dag_processing.importers.python_importer","filename":"python_importer.py","lineno":244,"error_detail":[{"exc_type":"FileNotFoundError","exc_value":"[Errno 2] No such file or directory: '/opt/airflow/dags/datasets/source_crm/'","exc_notes":[],"syntax_error":null,"is_cause":false,"frames":[{"filename":"/home/airflow/.local/lib/python3.13/site-packages/airflow/dag_processing/importers/python_importer.py","lineno":238,"name":"parse"},{"filename":"<frozen importlib._bootstrap_external>","lineno":1023,"name":"exec_module"},{"filename":"<frozen importlib._bootstrap>","lineno":488,"name":"_call_with_frames_removed"},{"filename":"/opt/airflow/dags/bronze_layer.py","lineno":162,"name":"<module>"},{"filename":"/home/airflow/.local/lib/python3.13/site-packages/airflow/sdk/definitions/dag.py","lineno":1629,"name":"factory"},{"filename":"/opt/airflow/dags/bronze_layer.py","lineno":155,"name":"bronze_layer"}],"is_group":false,"exceptions":[]}]}
{"timestamp":"2026-05-22T11:13:09.454611Z","level":"error","event":"Error loading DAG from bronze_layer.py: [Errno 2] No such file or directory: '/opt/airflow/dags/datasets/source_crm/'","logger":"airflow.dag_processing.dagbag.BundleDagBag","filename":"dagbag.py","lineno":327}
{"timestamp":"2026-05-22T11:13:20.287152Z","level":"info","event":"Filling up the DagBag from /opt/airflow/dags/bronze_layer.py","logger":"airflow.dag_processing.dagbag.BundleDagBag","filename":"dagbag.py","lineno":469}
{"timestamp":"2026-05-22T11:13:20.313329Z","level":"error","event":"Failed to import: /opt/airflow/dags/bronze_layer.py","logger":"airflow.dag_processing.importers.python_importer","filename":"python_importer.py","lineno":244,"error_detail":[{"exc_type":"FileNotFoundError","exc_value":"[Errno 2] No such file or directory: '/opt/airflow/dags/datasets/source_crm/'","exc_notes":[],"syntax_error":null,"is_cause":false,"frames":[{"filename":"/home/airflow/.local/lib/python3.13/site-packages/airflow/dag_processing/importers/python_importer.py","lineno":238,"name":"parse"},{"filename":"<frozen importlib._bootstrap_external>","lineno":1023,"name":"exec_module"},{"filename":"<frozen importlib._bootstrap>","lineno":488,"name":"_call_with_frames_removed"},{"filename":"/opt/airflow/dags/bronze_layer.py","lineno":162,"name":"<module>"},{"filename":"/home/airflow/.local/lib/python3.13/site-packages/airflow/sdk/definitions/dag.py","lineno":1629,"name":"factory"},{"filename":"/opt/airflow/dags/bronze_layer.py","lineno":155,"name":"bronze_layer"}],"is_group":false,"exceptions":[]}]}
{"timestamp":"2026-05-22T11:13:20.322321Z","level":"error","event":"Error loading DAG from bronze_layer.py: [Errno 2] No such file or directory: '/opt/airflow/dags/datasets/source_crm/'","logger":"airflow.dag_processing.dagbag.BundleDagBag","filename":"dagbag.py","lineno":327}
{"timestamp":"2026-05-22T11:13:26.123899Z","level":"info","event":"Filling up the DagBag from /opt/airflow/dags/bronze_layer.py","logger":"airflow.dag_processing.dagbag.BundleDagBag","filename":"dagbag.py","lineno":469}
{"timestamp":"2026-05-22T11:13:26.161370Z","level":"error","event":"Failed to import: /opt/airflow/dags/bronze_layer.py","logger":"airflow.dag_processing.importers.python_importer","filename":"python_importer.py","lineno":244,"error_detail":[{"exc_type":"FileNotFoundError","exc_value":"[Errno 2] No such file or directory: '/opt/airflow/dags/datasets/source_crm/'","exc_notes":[],"syntax_error":null,"is_cause":false,"frames":[{"filename":"/home/airflow/.local/lib/python3.13/site-packages/airflow/dag_processing/importers/python_importer.py","lineno":238,"name":"parse"},{"filename":"<frozen importlib._bootstrap_external>","lineno":1023,"name":"exec_module"},{"filename":"<frozen importlib._bootstrap>","lineno":488,"name":"_call_with_frames_removed"},{"filename":"/opt/airflow/dags/bronze_layer.py","lineno":162,"name":"<module>"},{"filename":"/home/airflow/.local/lib/python3.13/site-packages/airflow/sdk/definitions/dag.py","lineno":1629,"name":"factory"},{"filename":"/opt/airflow/dags/bronze_layer.py","lineno":155,"name":"bronze_layer"}],"is_group":false,"exceptions":[]}]}
{"timestamp":"2026-05-22T11:13:26.169407Z","level":"error","event":"Error loading DAG from bronze_layer.py: [Errno 2] No such file or directory: '/opt/airflow/dags/datasets/source_crm/'","logger":"airflow.dag_processing.dagbag.BundleDagBag","filename":"dagbag.py","lineno":327}
{"timestamp":"2026-05-22T11:13:32.358536Z","level":"info","event":"Filling up the DagBag from /opt/airflow/dags/bronze_layer.py","logger":"airflow.dag_processing.dagbag.BundleDagBag","filename":"dagbag.py","lineno":469}
{"timestamp":"2026-05-22T11:13:32.410211Z","level":"error","event":"Failed to import: /opt/airflow/dags/bronze_layer.py","logger":"airflow.dag_processing.importers.python_importer","filename":"python_importer.py","lineno":244,"error_detail":[{"exc_type":"FileNotFoundError","exc_value":"[Errno 2] No such file or directory: '/opt/airflow/dags/datasets/source_crm/'","exc_notes":[],"syntax_error":null,"is_cause":false,"frames":[{"filename":"/home/airflow/.local/lib/python3.13/site-packages/airflow/dag_processing/importers/python_importer.py","lineno":238,"name":"parse"},{"filename":"<frozen importlib._bootstrap_external>","lineno":1023,"name":"exec_module"},{"filename":"<frozen importlib._bootstrap>","lineno":488,"name":"_call_with_frames_removed"},{"filename":"/opt/airflow/dags/bronze_layer.py","lineno":162,"name":"<module>"},{"filename":"/home/airflow/.local/lib/python3.13/site-packages/airflow/sdk/definitions/dag.py","lineno":1629,"name":"factory"},{"filename":"/opt/airflow/dags/bronze_layer.py","lineno":155,"name":"bronze_layer"}],"is_group":false,"exceptions":[]}]}
{"timestamp":"2026-05-22T11:13:32.414555Z","level":"error","event":"Error loading DAG from bronze_layer.py: [Errno 2] No such file or directory: '/opt/airflow/dags/datasets/source_crm/'","logger":"airflow.dag_processing.dagbag.BundleDagBag","filename":"dagbag.py","lineno":327}
{"timestamp":"2026-05-22T11:14:03.167388Z","level":"info","event":"Filling up the DagBag from /opt/airflow/dags/bronze_layer.py","logger":"airflow.dag_processing.dagbag.BundleDagBag","filename":"dagbag.py","lineno":469}
{"timestamp":"2026-05-22T11:14:03.188878Z","level":"error","event":"Failed to import: /opt/airflow/dags/bronze_layer.py","logger":"airflow.dag_processing.importers.python_importer","filename":"python_importer.py","lineno":244,"error_detail":[{"exc_type":"FileNotFoundError","exc_value":"[Errno 2] No such file or directory: '/opt/airflow/dags/datasets/source_crm/'","exc_notes":[],"syntax_error":null,"is_cause":false,"frames":[{"filename":"/home/airflow/.local/lib/python3.13/site-packages/airflow/dag_processing/importers/python_importer.py","lineno":238,"name":"parse"},{"filename":"<frozen importlib._bootstrap_external>","lineno":1023,"name":"exec_module"},{"filename":"<frozen importlib._bootstrap>","lineno":488,"name":"_call_with_frames_removed"},{"filename":"/opt/airflow/dags/bronze_layer.py","lineno":162,"name":"<module>"},{"filename":"/home/airflow/.local/lib/python3.13/site-packages/airflow/sdk/definitions/dag.py","lineno":1629,"name":"factory"},{"filename":"/opt/airflow/dags/bronze_layer.py","lineno":155,"name":"bronze_layer"}],"is_group":false,"exceptions":[]}]}
{"timestamp":"2026-05-22T11:14:03.194917Z","level":"error","event":"Error loading DAG from bronze_layer.py: [Errno 2] No such file or directory: '/opt/airflow/dags/datasets/source_crm/'","logger":"airflow.dag_processing.dagbag.BundleDagBag","filename":"dagbag.py","lineno":327}
{"timestamp":"2026-05-22T11:14:10.554773Z","level":"info","event":"Filling up the DagBag from /opt/airflow/dags/bronze_layer.py","logger":"airflow.dag_processing.dagbag.BundleDagBag","filename":"dagbag.py","lineno":469}
{"timestamp":"2026-05-22T11:14:10.609724Z","level":"error","event":"Failed to import: /opt/airflow/dags/bronze_layer.py","logger":"airflow.dag_processing.importers.python_importer","filename":"python_importer.py","lineno":244,"error_detail":[{"exc_type":"FileNotFoundError","exc_value":"[Errno 2] No such file or directory: '/opt/airflow/dags/datasets/source_crm/'","exc_notes":[],"syntax_error":null,"is_cause":false,"frames":[{"filename":"/home/airflow/.local/lib/python3.13/site-packages/airflow/dag_processing/importers/python_importer.py","lineno":238,"name":"parse"},{"filename":"<frozen importlib._bootstrap_external>","lineno":1023,"name":"exec_module"},{"filename":"<frozen importlib._bootstrap>","lineno":488,"name":"_call_with_frames_removed"},{"filename":"/opt/airflow/dags/bronze_layer.py","lineno":162,"name":"<module>"},{"filename":"/home/airflow/.local/lib/python3.13/site-packages/airflow/sdk/definitions/dag.py","lineno":1629,"name":"factory"},{"filename":"/opt/airflow/dags/bronze_layer.py","lineno":155,"name":"bronze_layer"}],"is_group":false,"exceptions":[]}]}
{"timestamp":"2026-05-22T11:14:10.616073Z","level":"error","event":"Error loading DAG from bronze_layer.py: [Errno 2] No such file or directory: '/opt/airflow/dags/datasets/source_crm/'","logger":"airflow.dag_processing.dagbag.BundleDagBag","filename":"dagbag.py","lineno":327}
{"timestamp":"2026-05-22T11:14:40.008214Z","level":"info","event":"Filling up the DagBag from /opt/airflow/dags/bronze_layer.py","logger":"airflow.dag_processing.dagbag.BundleDagBag","filename":"dagbag.py","lineno":469}
{"timestamp":"2026-05-22T11:14:40.037873Z","level":"error","event":"Failed to import: /opt/airflow/dags/bronze_layer.py","logger":"airflow.dag_processing.importers.python_importer","filename":"python_importer.py","lineno":244,"error_detail":[{"exc_type":"FileNotFoundError","exc_value":"[Errno 2] No such file or directory: '/opt/airflow/dags/datasets/source_crm/'","exc_notes":[],"syntax_error":null,"is_cause":false,"frames":[{"filename":"/home/airflow/.local/lib/python3.13/site-packages/airflow/dag_processing/importers/python_importer.py","lineno":238,"name":"parse"},{"filename":"<frozen importlib._bootstrap_external>","lineno":1023,"name":"exec_module"},{"filename":"<frozen importlib._bootstrap>","lineno":488,"name":"_call_with_frames_removed"},{"filename":"/opt/airflow/dags/bronze_layer.py","lineno":162,"name":"<module>"},{"filename":"/home/airflow/.local/lib/python3.13/site-packages/airflow/sdk/definitions/dag.py","lineno":1629,"name":"factory"},{"filename":"/opt/airflow/dags/bronze_layer.py","lineno":155,"name":"bronze_layer"}],"is_group":false,"exceptions":[]}]}
{"timestamp":"2026-05-22T11:14:40.041910Z","level":"error","event":"Error loading DAG from bronze_layer.py: [Errno 2] No such file or directory: '/opt/airflow/dags/datasets/source_crm/'","logger":"airflow.dag_processing.dagbag.BundleDagBag","filename":"dagbag.py","lineno":327}
{"timestamp":"2026-05-22T11:14:49.344972Z","level":"info","event":"Filling up the DagBag from /opt/airflow/dags/bronze_layer.py","logger":"airflow.dag_processing.dagbag.BundleDagBag","filename":"dagbag.py","lineno":469}
{"timestamp":"2026-05-22T11:14:49.376041Z","level":"error","event":"Failed to import: /opt/airflow/dags/bronze_layer.py","logger":"airflow.dag_processing.importers.python_importer","filename":"python_importer.py","lineno":244,"error_detail":[{"exc_type":"FileNotFoundError","exc_value":"[Errno 2] No such file or directory: '/opt/airflow/dags/datasets/source_crm/'","exc_notes":[],"syntax_error":null,"is_cause":false,"frames":[{"filename":"/home/airflow/.local/lib/python3.13/site-packages/airflow/dag_processing/importers/python_importer.py","lineno":238,"name":"parse"},{"filename":"<frozen importlib._bootstrap_external>","lineno":1023,"name":"exec_module"},{"filename":"<frozen importlib._bootstrap>","lineno":488,"name":"_call_with_frames_removed"},{"filename":"/opt/airflow/dags/bronze_layer.py","lineno":162,"name":"<module>"},{"filename":"/home/airflow/.local/lib/python3.13/site-packages/airflow/sdk/definitions/dag.py","lineno":1629,"name":"factory"},{"filename":"/opt/airflow/dags/bronze_layer.py","lineno":155,"name":"bronze_layer"}],"is_group":false,"exceptions":[]}]}
{"timestamp":"2026-05-22T11:14:49.379389Z","level":"error","event":"Error loading DAG from bronze_layer.py: [Errno 2] No such file or directory: '/opt/airflow/dags/datasets/source_crm/'","logger":"airflow.dag_processing.dagbag.BundleDagBag","filename":"dagbag.py","lineno":327}
{"timestamp":"2026-05-22T11:14:59.369301Z","level":"info","event":"Filling up the DagBag from /opt/airflow/dags/bronze_layer.py","logger":"airflow.dag_processing.dagbag.BundleDagBag","filename":"dagbag.py","lineno":469}
{"timestamp":"2026-05-22T11:14:59.396822Z","level":"error","event":"Failed to import: /opt/airflow/dags/bronze_layer.py","logger":"airflow.dag_processing.importers.python_importer","filename":"python_importer.py","lineno":244,"error_detail":[{"exc_type":"FileNotFoundError","exc_value":"[Errno 2] No such file or directory: '/opt/airflow/dags/datasets/source_crm/'","exc_notes":[],"syntax_error":null,"is_cause":false,"frames":[{"filename":"/home/airflow/.local/lib/python3.13/site-packages/airflow/dag_processing/importers/python_importer.py","lineno":238,"name":"parse"},{"filename":"<frozen importlib._bootstrap_external>","lineno":1023,"name":"exec_module"},{"filename":"<frozen importlib._bootstrap>","lineno":488,"name":"_call_with_frames_removed"},{"filename":"/opt/airflow/dags/bronze_layer.py","lineno":162,"name":"<module>"},{"filename":"/home/airflow/.local/lib/python3.13/site-packages/airflow/sdk/definitions/dag.py","lineno":1629,"name":"factory"},{"filename":"/opt/airflow/dags/bronze_layer.py","lineno":155,"name":"bronze_layer"}],"is_group":false,"exceptions":[]}]}
{"timestamp":"2026-05-22T11:14:59.401673Z","level":"error","event":"Error loading DAG from bronze_layer.py: [Errno 2] No such file or directory: '/opt/airflow/dags/datasets/source_crm/'","logger":"airflow.dag_processing.dagbag.BundleDagBag","filename":"dagbag.py","lineno":327}
{"timestamp":"2026-05-22T11:15:23.530884Z","level":"info","event":"Filling up the DagBag from /opt/airflow/dags/bronze_layer.py","logger":"airflow.dag_processing.dagbag.BundleDagBag","filename":"dagbag.py","lineno":469}
{"timestamp":"2026-05-22T11:15:40.919245Z","level":"info","event":"Filling up the DagBag from /opt/airflow/dags/bronze_layer.py","logger":"airflow.dag_processing.dagbag.BundleDagBag","filename":"dagbag.py","lineno":469}
{"timestamp":"2026-05-22T11:16:05.454246Z","level":"info","event":"Filling up the DagBag from /opt/airflow/dags/bronze_layer.py","logger":"airflow.dag_processing.dagbag.BundleDagBag","filename":"dagbag.py","lineno":469}
{"timestamp":"2026-05-22T11:16:05.481781Z","level":"error","event":"Failed to import: /opt/airflow/dags/bronze_layer.py","logger":"airflow.dag_processing.importers.python_importer","filename":"python_importer.py","lineno":244,"error_detail":[{"exc_type":"TypeError","exc_value":"missing a required argument: 'source_type'","exc_notes":[],"syntax_error":null,"is_cause":false,"frames":[{"filename":"/home/airflow/.local/lib/python3.13/site-packages/airflow/dag_processing/importers/python_importer.py","lineno":238,"name":"parse"},{"filename":"<frozen importlib._bootstrap_external>","lineno":1023,"name":"exec_module"},{"filename":"<frozen importlib._bootstrap>","lineno":488,"name":"_call_with_frames_removed"},{"filename":"/opt/airflow/dags/bronze_layer.py","lineno":162,"name":"<module>"},{"filename":"/home/airflow/.local/lib/python3.13/site-packages/airflow/sdk/definitions/dag.py","lineno":1629,"name":"factory"},{"filename":"/opt/airflow/dags/bronze_layer.py","lineno":154,"name":"bronze_layer"},{"filename":"/home/airflow/.local/lib/python3.13/site-packages/airflow/sdk/bases/decorator.py","lineno":517,"name":"__call__"},{"filename":"/home/airflow/.local/lib/python3.13/site-packages/airflow/sdk/bases/operator.py","lineno":548,"name":"apply_defaults"},{"filename":"/home/airflow/.local/lib/python3.13/site-packages/airflow/providers/standard/decorators/python.py","lineno":53,"name":"__init__"},{"filename":"/home/airflow/.local/lib/python3.13/site-packages/airflow/sdk/bases/operator.py","lineno":548,"name":"apply_defaults"},{"filename":"/home/airflow/.local/lib/python3.13/site-packages/airflow/sdk/bases/decorator.py","lineno":371,"name":"__init__"},{"filename":"/usr/python/lib/python3.13/inspect.py","lineno":3309,"name":"bind"},{"filename":"/usr/python/lib/python3.13/inspect.py","lineno":3222,"name":"_bind"}],"is_group":false,"exceptions":[]}]}
{"timestamp":"2026-05-22T11:16:05.489362Z","level":"error","event":"Error loading DAG from bronze_layer.py: missing a required argument: 'source_type'","logger":"airflow.dag_processing.dagbag.BundleDagBag","filename":"dagbag.py","lineno":327}
{"timestamp":"2026-05-22T11:16:20.109880Z","level":"info","event":"Filling up the DagBag from /opt/airflow/dags/bronze_layer.py","logger":"airflow.dag_processing.dagbag.BundleDagBag","filename":"dagbag.py","lineno":469}
{"timestamp":"2026-05-22T11:16:20.142243Z","level":"error","event":"Failed to import: /opt/airflow/dags/bronze_layer.py","logger":"airflow.dag_processing.importers.python_importer","filename":"python_importer.py","lineno":244,"error_detail":[{"exc_type":"TypeError","exc_value":"missing a required argument: 'source_type'","exc_notes":[],"syntax_error":null,"is_cause":false,"frames":[{"filename":"/home/airflow/.local/lib/python3.13/site-packages/airflow/dag_processing/importers/python_importer.py","lineno":238,"name":"parse"},{"filename":"<frozen importlib._bootstrap_external>","lineno":1023,"name":"exec_module"},{"filename":"<frozen importlib._bootstrap>","lineno":488,"name":"_call_with_frames_removed"},{"filename":"/opt/airflow/dags/bronze_layer.py","lineno":162,"name":"<module>"},{"filename":"/home/airflow/.local/lib/python3.13/site-packages/airflow/sdk/definitions/dag.py","lineno":1629,"name":"factory"},{"filename":"/opt/airflow/dags/bronze_layer.py","lineno":154,"name":"bronze_layer"},{"filename":"/home/airflow/.local/lib/python3.13/site-packages/airflow/sdk/bases/decorator.py","lineno":517,"name":"__call__"},{"filename":"/home/airflow/.local/lib/python3.13/site-packages/airflow/sdk/bases/operator.py","lineno":548,"name":"apply_defaults"},{"filename":"/home/airflow/.local/lib/python3.13/site-packages/airflow/providers/standard/decorators/python.py","lineno":53,"name":"__init__"},{"filename":"/home/airflow/.local/lib/python3.13/site-packages/airflow/sdk/bases/operator.py","lineno":548,"name":"apply_defaults"},{"filename":"/home/airflow/.local/lib/python3.13/site-packages/airflow/sdk/bases/decorator.py","lineno":371,"name":"__init__"},{"filename":"/usr/python/lib/python3.13/inspect.py","lineno":3309,"name":"bind"},{"filename":"/usr/python/lib/python3.13/inspect.py","lineno":3222,"name":"_bind"}],"is_group":false,"exceptions":[]}]}
{"timestamp":"2026-05-22T11:16:20.148250Z","level":"error","event":"Error loading DAG from bronze_layer.py: missing a required argument: 'source_type'","logger":"airflow.dag_processing.dagbag.BundleDagBag","filename":"dagbag.py","lineno":327}
{"timestamp":"2026-05-22T11:16:22.067251Z","level":"info","event":"Filling up the DagBag from /opt/airflow/dags/bronze_layer.py","logger":"airflow.dag_processing.dagbag.BundleDagBag","filename":"dagbag.py","lineno":469}
{"timestamp":"2026-05-22T11:16:22.101423Z","level":"error","event":"Failed to import: /opt/airflow/dags/bronze_layer.py","logger":"airflow.dag_processing.importers.python_importer","filename":"python_importer.py","lineno":244,"error_detail":[{"exc_type":"TypeError","exc_value":"missing a required argument: 'source_type'","exc_notes":[],"syntax_error":null,"is_cause":false,"frames":[{"filename":"/home/airflow/.local/lib/python3.13/site-packages/airflow/dag_processing/importers/python_importer.py","lineno":238,"name":"parse"},{"filename":"<frozen importlib._bootstrap_external>","lineno":1023,"name":"exec_module"},{"filename":"<frozen importlib._bootstrap>","lineno":488,"name":"_call_with_frames_removed"},{"filename":"/opt/airflow/dags/bronze_layer.py","lineno":162,"name":"<module>"},{"filename":"/home/airflow/.local/lib/python3.13/site-packages/airflow/sdk/definitions/dag.py","lineno":1629,"name":"factory"},{"filename":"/opt/airflow/dags/bronze_layer.py","lineno":154,"name":"bronze_layer"},{"filename":"/home/airflow/.local/lib/python3.13/site-packages/airflow/sdk/bases/decorator.py","lineno":517,"name":"__call__"},{"filename":"/home/airflow/.local/lib/python3.13/site-packages/airflow/sdk/bases/operator.py","lineno":548,"name":"apply_defaults"},{"filename":"/home/airflow/.local/lib/python3.13/site-packages/airflow/providers/standard/decorators/python.py","lineno":53,"name":"__init__"},{"filename":"/home/airflow/.local/lib/python3.13/site-packages/airflow/sdk/bases/operator.py","lineno":548,"name":"apply_defaults"},{"filename":"/home/airflow/.local/lib/python3.13/site-packages/airflow/sdk/bases/decorator.py","lineno":371,"name":"__init__"},{"filename":"/usr/python/lib/python3.13/inspect.py","lineno":3309,"name":"bind"},{"filename":"/usr/python/lib/python3.13/inspect.py","lineno":3222,"name":"_bind"}],"is_group":false,"exceptions":[]}]}
{"timestamp":"2026-05-22T11:16:22.114895Z","level":"error","event":"Error loading DAG from bronze_layer.py: missing a required argument: 'source_type'","logger":"airflow.dag_processing.dagbag.BundleDagBag","filename":"dagbag.py","lineno":327}
{"timestamp":"2026-05-22T11:16:37.676234Z","level":"info","event":"Filling up the DagBag from /opt/airflow/dags/bronze_layer.py","logger":"airflow.dag_processing.dagbag.BundleDagBag","filename":"dagbag.py","lineno":469}
{"timestamp":"2026-05-22T11:17:08.311081Z","level":"info","event":"Filling up the DagBag from /opt/airflow/dags/bronze_layer.py","logger":"airflow.dag_processing.dagbag.BundleDagBag","filename":"dagbag.py","lineno":469}
{"timestamp":"2026-05-22T11:17:39.530244Z","level":"info","event":"Filling up the DagBag from /opt/airflow/dags/bronze_layer.py","logger":"airflow.dag_processing.dagbag.BundleDagBag","filename":"dagbag.py","lineno":469}
{"timestamp":"2026-05-22T11:18:10.824669Z","level":"info","event":"Filling up the DagBag from /opt/airflow/dags/bronze_layer.py","logger":"airflow.dag_processing.dagbag.BundleDagBag","filename":"dagbag.py","lineno":469}
{"timestamp":"2026-05-22T11:18:41.520088Z","level":"info","event":"Filling up the DagBag from /opt/airflow/dags/bronze_layer.py","logger":"airflow.dag_processing.dagbag.BundleDagBag","filename":"dagbag.py","lineno":469}
{"timestamp":"2026-05-22T11:19:12.357186Z","level":"info","event":"Filling up the DagBag from /opt/airflow/dags/bronze_layer.py","logger":"airflow.dag_processing.dagbag.BundleDagBag","filename":"dagbag.py","lineno":469}
{"timestamp":"2026-05-22T11:19:45.113111Z","level":"info","event":"Filling up the DagBag from /opt/airflow/dags/bronze_layer.py","logger":"airflow.dag_processing.dagbag.BundleDagBag","filename":"dagbag.py","lineno":469}
{"timestamp":"2026-05-22T11:20:16.153235Z","level":"info","event":"Filling up the DagBag from /opt/airflow/dags/bronze_layer.py","logger":"airflow.dag_processing.dagbag.BundleDagBag","filename":"dagbag.py","lineno":469}
{"timestamp":"2026-05-22T11:20:47.006128Z","level":"info","event":"Filling up the DagBag from /opt/airflow/dags/bronze_layer.py","logger":"airflow.dag_processing.dagbag.BundleDagBag","filename":"dagbag.py","lineno":469}
{"timestamp":"2026-05-22T11:21:18.746047Z","level":"info","event":"Filling up the DagBag from /opt/airflow/dags/bronze_layer.py","logger":"airflow.dag_processing.dagbag.BundleDagBag","filename":"dagbag.py","lineno":469}
{"timestamp":"2026-05-22T11:21:49.308644Z","level":"info","event":"Filling up the DagBag from /opt/airflow/dags/bronze_layer.py","logger":"airflow.dag_processing.dagbag.BundleDagBag","filename":"dagbag.py","lineno":469}
{"timestamp":"2026-05-22T11:22:21.062506Z","level":"info","event":"Filling up the DagBag from /opt/airflow/dags/bronze_layer.py","logger":"airflow.dag_processing.dagbag.BundleDagBag","filename":"dagbag.py","lineno":469}
{"timestamp":"2026-05-22T11:22:51.500690Z","level":"info","event":"Filling up the DagBag from /opt/airflow/dags/bronze_layer.py","logger":"airflow.dag_processing.dagbag.BundleDagBag","filename":"dagbag.py","lineno":469}
{"timestamp":"2026-05-22T11:23:22.429213Z","level":"info","event":"Filling up the DagBag from /opt/airflow/dags/bronze_layer.py","logger":"airflow.dag_processing.dagbag.BundleDagBag","filename":"dagbag.py","lineno":469}
{"timestamp":"2026-05-22T11:23:54.171782Z","level":"info","event":"Filling up the DagBag from /opt/airflow/dags/bronze_layer.py","logger":"airflow.dag_processing.dagbag.BundleDagBag","filename":"dagbag.py","lineno":469}
{"timestamp":"2026-05-22T11:24:29.365330Z","level":"info","event":"Filling up the DagBag from /opt/airflow/dags/bronze_layer.py","logger":"airflow.dag_processing.dagbag.BundleDagBag","filename":"dagbag.py","lineno":469}
{"timestamp":"2026-05-22T11:25:02.778745Z","level":"info","event":"Filling up the DagBag from /opt/airflow/dags/bronze_layer.py","logger":"airflow.dag_processing.dagbag.BundleDagBag","filename":"dagbag.py","lineno":469}
{"timestamp":"2026-05-22T11:25:34.100315Z","level":"info","event":"Filling up the DagBag from /opt/airflow/dags/bronze_layer.py","logger":"airflow.dag_processing.dagbag.BundleDagBag","filename":"dagbag.py","lineno":469}
{"timestamp":"2026-05-22T11:26:05.841773Z","level":"info","event":"Filling up the DagBag from /opt/airflow/dags/bronze_layer.py","logger":"airflow.dag_processing.dagbag.BundleDagBag","filename":"dagbag.py","lineno":469}
{"timestamp":"2026-05-22T11:26:37.591092Z","level":"info","event":"Filling up the DagBag from /opt/airflow/dags/bronze_layer.py","logger":"airflow.dag_processing.dagbag.BundleDagBag","filename":"dagbag.py","lineno":469}
{"timestamp":"2026-05-22T11:27:08.378047Z","level":"info","event":"Filling up the DagBag from /opt/airflow/dags/bronze_layer.py","logger":"airflow.dag_processing.dagbag.BundleDagBag","filename":"dagbag.py","lineno":469}
{"timestamp":"2026-05-22T11:27:39.553935Z","level":"info","event":"Filling up the DagBag from /opt/airflow/dags/bronze_layer.py","logger":"airflow.dag_processing.dagbag.BundleDagBag","filename":"dagbag.py","lineno":469}
{"timestamp":"2026-05-22T11:28:11.481529Z","level":"info","event":"Filling up the DagBag from /opt/airflow/dags/bronze_layer.py","logger":"airflow.dag_processing.dagbag.BundleDagBag","filename":"dagbag.py","lineno":469}
{"timestamp":"2026-05-22T11:28:41.818799Z","level":"info","event":"Filling up the DagBag from /opt/airflow/dags/bronze_layer.py","logger":"airflow.dag_processing.dagbag.BundleDagBag","filename":"dagbag.py","lineno":469}
{"timestamp":"2026-05-22T11:29:12.182694Z","level":"info","event":"Filling up the DagBag from /opt/airflow/dags/bronze_layer.py","logger":"airflow.dag_processing.dagbag.BundleDagBag","filename":"dagbag.py","lineno":469}
{"timestamp":"2026-05-22T11:29:42.667661Z","level":"info","event":"Filling up the DagBag from /opt/airflow/dags/bronze_layer.py","logger":"airflow.dag_processing.dagbag.BundleDagBag","filename":"dagbag.py","lineno":469}
{"timestamp":"2026-05-22T11:30:12.990940Z","level":"info","event":"Filling up the DagBag from /opt/airflow/dags/bronze_layer.py","logger":"airflow.dag_processing.dagbag.BundleDagBag","filename":"dagbag.py","lineno":469}
{"timestamp":"2026-05-22T11:30:45.237979Z","level":"info","event":"Filling up the DagBag from /opt/airflow/dags/bronze_layer.py","logger":"airflow.dag_processing.dagbag.BundleDagBag","filename":"dagbag.py","lineno":469}
{"timestamp":"2026-05-22T11:31:16.026933Z","level":"info","event":"Filling up the DagBag from /opt/airflow/dags/bronze_layer.py","logger":"airflow.dag_processing.dagbag.BundleDagBag","filename":"dagbag.py","lineno":469}
{"timestamp":"2026-05-22T11:31:47.074907Z","level":"info","event":"Filling up the DagBag from /opt/airflow/dags/bronze_layer.py","logger":"airflow.dag_processing.dagbag.BundleDagBag","filename":"dagbag.py","lineno":469}
{"timestamp":"2026-05-22T11:32:17.463619Z","level":"info","event":"Filling up the DagBag from /opt/airflow/dags/bronze_layer.py","logger":"airflow.dag_processing.dagbag.BundleDagBag","filename":"dagbag.py","lineno":469}
{"timestamp":"2026-05-22T11:32:47.870878Z","level":"info","event":"Filling up the DagBag from /opt/airflow/dags/bronze_layer.py","logger":"airflow.dag_processing.dagbag.BundleDagBag","filename":"dagbag.py","lineno":469}
{"timestamp":"2026-05-22T11:33:18.496102Z","level":"info","event":"Filling up the DagBag from /opt/airflow/dags/bronze_layer.py","logger":"airflow.dag_processing.dagbag.BundleDagBag","filename":"dagbag.py","lineno":469}
{"timestamp":"2026-05-22T11:33:49.905562Z","level":"info","event":"Filling up the DagBag from /opt/airflow/dags/bronze_layer.py","logger":"airflow.dag_processing.dagbag.BundleDagBag","filename":"dagbag.py","lineno":469}
{"timestamp":"2026-05-22T11:34:22.308666Z","level":"info","event":"Filling up the DagBag from /opt/airflow/dags/bronze_layer.py","logger":"airflow.dag_processing.dagbag.BundleDagBag","filename":"dagbag.py","lineno":469}
{"timestamp":"2026-05-22T11:34:53.154627Z","level":"info","event":"Filling up the DagBag from /opt/airflow/dags/bronze_layer.py","logger":"airflow.dag_processing.dagbag.BundleDagBag","filename":"dagbag.py","lineno":469}
{"timestamp":"2026-05-22T11:35:26.414441Z","level":"info","event":"Filling up the DagBag from /opt/airflow/dags/bronze_layer.py","logger":"airflow.dag_processing.dagbag.BundleDagBag","filename":"dagbag.py","lineno":469}
{"timestamp":"2026-05-22T11:35:57.065587Z","level":"info","event":"Filling up the DagBag from /opt/airflow/dags/bronze_layer.py","logger":"airflow.dag_processing.dagbag.BundleDagBag","filename":"dagbag.py","lineno":469}
{"timestamp":"2026-05-22T11:36:28.112965Z","level":"info","event":"Filling up the DagBag from /opt/airflow/dags/bronze_layer.py","logger":"airflow.dag_processing.dagbag.BundleDagBag","filename":"dagbag.py","lineno":469}
{"timestamp":"2026-05-22T11:36:58.438961Z","level":"info","event":"Filling up the DagBag from /opt/airflow/dags/bronze_layer.py","logger":"airflow.dag_processing.dagbag.BundleDagBag","filename":"dagbag.py","lineno":469}
{"timestamp":"2026-05-22T11:37:29.877008Z","level":"info","event":"Filling up the DagBag from /opt/airflow/dags/bronze_layer.py","logger":"airflow.dag_processing.dagbag.BundleDagBag","filename":"dagbag.py","lineno":469}
{"timestamp":"2026-05-22T11:38:00.495346Z","level":"info","event":"Filling up the DagBag from /opt/airflow/dags/bronze_layer.py","logger":"airflow.dag_processing.dagbag.BundleDagBag","filename":"dagbag.py","lineno":469}
{"timestamp":"2026-05-22T11:38:30.728461Z","level":"info","event":"Filling up the DagBag from /opt/airflow/dags/bronze_layer.py","logger":"airflow.dag_processing.dagbag.BundleDagBag","filename":"dagbag.py","lineno":469}
{"timestamp":"2026-05-22T11:39:01.352148Z","level":"info","event":"Filling up the DagBag from /opt/airflow/dags/bronze_layer.py","logger":"airflow.dag_processing.dagbag.BundleDagBag","filename":"dagbag.py","lineno":469}
{"timestamp":"2026-05-22T11:39:31.817045Z","level":"info","event":"Filling up the DagBag from /opt/airflow/dags/bronze_layer.py","logger":"airflow.dag_processing.dagbag.BundleDagBag","filename":"dagbag.py","lineno":469}
{"timestamp":"2026-05-22T11:40:02.136125Z","level":"info","event":"Filling up the DagBag from /opt/airflow/dags/bronze_layer.py","logger":"airflow.dag_processing.dagbag.BundleDagBag","filename":"dagbag.py","lineno":469}
{"timestamp":"2026-05-22T11:40:32.499267Z","level":"info","event":"Filling up the DagBag from /opt/airflow/dags/bronze_layer.py","logger":"airflow.dag_processing.dagbag.BundleDagBag","filename":"dagbag.py","lineno":469}
{"timestamp":"2026-05-22T11:41:02.711773Z","level":"info","event":"Filling up the DagBag from /opt/airflow/dags/bronze_layer.py","logger":"airflow.dag_processing.dagbag.BundleDagBag","filename":"dagbag.py","lineno":469}
{"timestamp":"2026-05-22T11:41:33.695464Z","level":"info","event":"Filling up the DagBag from /opt/airflow/dags/bronze_layer.py","logger":"airflow.dag_processing.dagbag.BundleDagBag","filename":"dagbag.py","lineno":469}
{"timestamp":"2026-05-22T11:42:04.409640Z","level":"info","event":"Filling up the DagBag from /opt/airflow/dags/bronze_layer.py","logger":"airflow.dag_processing.dagbag.BundleDagBag","filename":"dagbag.py","lineno":469}
{"timestamp":"2026-05-22T11:42:34.612687Z","level":"info","event":"Filling up the DagBag from /opt/airflow/dags/bronze_layer.py","logger":"airflow.dag_processing.dagbag.BundleDagBag","filename":"dagbag.py","lineno":469}
{"timestamp":"2026-05-22T11:43:04.849507Z","level":"info","event":"Filling up the DagBag from /opt/airflow/dags/bronze_layer.py","logger":"airflow.dag_processing.dagbag.BundleDagBag","filename":"dagbag.py","lineno":469}
{"timestamp":"2026-05-22T11:43:35.279932Z","level":"info","event":"Filling up the DagBag from /opt/airflow/dags/bronze_layer.py","logger":"airflow.dag_processing.dagbag.BundleDagBag","filename":"dagbag.py","lineno":469}
{"timestamp":"2026-05-22T11:44:06.193541Z","level":"info","event":"Filling up the DagBag from /opt/airflow/dags/bronze_layer.py","logger":"airflow.dag_processing.dagbag.BundleDagBag","filename":"dagbag.py","lineno":469}
{"timestamp":"2026-05-22T11:44:36.616193Z","level":"info","event":"Filling up the DagBag from /opt/airflow/dags/bronze_layer.py","logger":"airflow.dag_processing.dagbag.BundleDagBag","filename":"dagbag.py","lineno":469}
{"timestamp":"2026-05-22T11:45:07.089050Z","level":"info","event":"Filling up the DagBag from /opt/airflow/dags/bronze_layer.py","logger":"airflow.dag_processing.dagbag.BundleDagBag","filename":"dagbag.py","lineno":469}
{"timestamp":"2026-05-22T11:45:38.094160Z","level":"info","event":"Filling up the DagBag from /opt/airflow/dags/bronze_layer.py","logger":"airflow.dag_processing.dagbag.BundleDagBag","filename":"dagbag.py","lineno":469}
{"timestamp":"2026-05-22T11:46:08.420310Z","level":"info","event":"Filling up the DagBag from /opt/airflow/dags/bronze_layer.py","logger":"airflow.dag_processing.dagbag.BundleDagBag","filename":"dagbag.py","lineno":469}
{"timestamp":"2026-05-22T11:46:39.401537Z","level":"info","event":"Filling up the DagBag from /opt/airflow/dags/bronze_layer.py","logger":"airflow.dag_processing.dagbag.BundleDagBag","filename":"dagbag.py","lineno":469}
{"timestamp":"2026-05-22T11:47:10.899259Z","level":"info","event":"Filling up the DagBag from /opt/airflow/dags/bronze_layer.py","logger":"airflow.dag_processing.dagbag.BundleDagBag","filename":"dagbag.py","lineno":469}
{"timestamp":"2026-05-22T11:47:41.868760Z","level":"info","event":"Filling up the DagBag from /opt/airflow/dags/bronze_layer.py","logger":"airflow.dag_processing.dagbag.BundleDagBag","filename":"dagbag.py","lineno":469}
{"timestamp":"2026-05-22T11:48:12.594769Z","level":"info","event":"Filling up the DagBag from /opt/airflow/dags/bronze_layer.py","logger":"airflow.dag_processing.dagbag.BundleDagBag","filename":"dagbag.py","lineno":469}
{"timestamp":"2026-05-22T11:48:43.272131Z","level":"info","event":"Filling up the DagBag from /opt/airflow/dags/bronze_layer.py","logger":"airflow.dag_processing.dagbag.BundleDagBag","filename":"dagbag.py","lineno":469}
{"timestamp":"2026-05-22T11:49:13.941309Z","level":"info","event":"Filling up the DagBag from /opt/airflow/dags/bronze_layer.py","logger":"airflow.dag_processing.dagbag.BundleDagBag","filename":"dagbag.py","lineno":469}
{"timestamp":"2026-05-22T11:49:44.563464Z","level":"info","event":"Filling up the DagBag from /opt/airflow/dags/bronze_layer.py","logger":"airflow.dag_processing.dagbag.BundleDagBag","filename":"dagbag.py","lineno":469}
{"timestamp":"2026-05-22T11:50:14.893353Z","level":"info","event":"Filling up the DagBag from /opt/airflow/dags/bronze_layer.py","logger":"airflow.dag_processing.dagbag.BundleDagBag","filename":"dagbag.py","lineno":469}
{"timestamp":"2026-05-22T11:50:49.712941Z","level":"info","event":"Filling up the DagBag from /opt/airflow/dags/bronze_layer.py","logger":"airflow.dag_processing.dagbag.BundleDagBag","filename":"dagbag.py","lineno":469}
{"timestamp":"2026-05-22T11:51:22.297237Z","level":"info","event":"Filling up the DagBag from /opt/airflow/dags/bronze_layer.py","logger":"airflow.dag_processing.dagbag.BundleDagBag","filename":"dagbag.py","lineno":469}
{"timestamp":"2026-05-22T11:51:52.639214Z","level":"info","event":"Filling up the DagBag from /opt/airflow/dags/bronze_layer.py","logger":"airflow.dag_processing.dagbag.BundleDagBag","filename":"dagbag.py","lineno":469}
{"timestamp":"2026-05-22T11:52:27.037427Z","level":"info","event":"Filling up the DagBag from /opt/airflow/dags/bronze_layer.py","logger":"airflow.dag_processing.dagbag.BundleDagBag","filename":"dagbag.py","lineno":469}
{"timestamp":"2026-05-22T11:52:59.860358Z","level":"info","event":"Filling up the DagBag from /opt/airflow/dags/bronze_layer.py","logger":"airflow.dag_processing.dagbag.BundleDagBag","filename":"dagbag.py","lineno":469}
{"timestamp":"2026-05-22T11:53:31.356768Z","level":"info","event":"Filling up the DagBag from /opt/airflow/dags/bronze_layer.py","logger":"airflow.dag_processing.dagbag.BundleDagBag","filename":"dagbag.py","lineno":469}
{"timestamp":"2026-05-22T11:53:56.722263Z","level":"info","event":"Filling up the DagBag from /opt/airflow/dags/bronze_layer.py","logger":"airflow.dag_processing.dagbag.BundleDagBag","filename":"dagbag.py","lineno":469}
{"timestamp":"2026-05-22T11:54:12.174493Z","level":"info","event":"Filling up the DagBag from /opt/airflow/dags/bronze_layer.py","logger":"airflow.dag_processing.dagbag.BundleDagBag","filename":"dagbag.py","lineno":469}
{"timestamp":"2026-05-22T11:54:42.613015Z","level":"info","event":"Filling up the DagBag from /opt/airflow/dags/bronze_layer.py","logger":"airflow.dag_processing.dagbag.BundleDagBag","filename":"dagbag.py","lineno":469}
{"timestamp":"2026-05-22T11:55:12.960254Z","level":"info","event":"Filling up the DagBag from /opt/airflow/dags/bronze_layer.py","logger":"airflow.dag_processing.dagbag.BundleDagBag","filename":"dagbag.py","lineno":469}
{"timestamp":"2026-05-22T11:55:43.818418Z","level":"info","event":"Filling up the DagBag from /opt/airflow/dags/bronze_layer.py","logger":"airflow.dag_processing.dagbag.BundleDagBag","filename":"dagbag.py","lineno":469}
{"timestamp":"2026-05-22T11:56:15.539996Z","level":"info","event":"Filling up the DagBag from /opt/airflow/dags/bronze_layer.py","logger":"airflow.dag_processing.dagbag.BundleDagBag","filename":"dagbag.py","lineno":469}
{"timestamp":"2026-05-22T11:56:46.332907Z","level":"info","event":"Filling up the DagBag from /opt/airflow/dags/bronze_layer.py","logger":"airflow.dag_processing.dagbag.BundleDagBag","filename":"dagbag.py","lineno":469}
{"timestamp":"2026-05-22T11:57:16.610689Z","level":"info","event":"Filling up the DagBag from /opt/airflow/dags/bronze_layer.py","logger":"airflow.dag_processing.dagbag.BundleDagBag","filename":"dagbag.py","lineno":469}
{"timestamp":"2026-05-22T11:57:47.915398Z","level":"info","event":"Filling up the DagBag from /opt/airflow/dags/bronze_layer.py","logger":"airflow.dag_processing.dagbag.BundleDagBag","filename":"dagbag.py","lineno":469}
{"timestamp":"2026-05-22T11:58:22.734649Z","level":"info","event":"Filling up the DagBag from /opt/airflow/dags/bronze_layer.py","logger":"airflow.dag_processing.dagbag.BundleDagBag","filename":"dagbag.py","lineno":469}
{"timestamp":"2026-05-22T11:58:53.617405Z","level":"info","event":"Filling up the DagBag from /opt/airflow/dags/bronze_layer.py","logger":"airflow.dag_processing.dagbag.BundleDagBag","filename":"dagbag.py","lineno":469}
{"timestamp":"2026-05-22T11:59:24.714323Z","level":"info","event":"Filling up the DagBag from /opt/airflow/dags/bronze_layer.py","logger":"airflow.dag_processing.dagbag.BundleDagBag","filename":"dagbag.py","lineno":469}
{"timestamp":"2026-05-22T11:59:56.850070Z","level":"info","event":"Filling up the DagBag from /opt/airflow/dags/bronze_layer.py","logger":"airflow.dag_processing.dagbag.BundleDagBag","filename":"dagbag.py","lineno":469}
{"timestamp":"2026-05-22T12:00:27.821658Z","level":"info","event":"Filling up the DagBag from /opt/airflow/dags/bronze_layer.py","logger":"airflow.dag_processing.dagbag.BundleDagBag","filename":"dagbag.py","lineno":469}
{"timestamp":"2026-05-22T12:01:08.388984Z","level":"info","event":"Filling up the DagBag from /opt/airflow/dags/bronze_layer.py","logger":"airflow.dag_processing.dagbag.BundleDagBag","filename":"dagbag.py","lineno":469}
{"timestamp":"2026-05-22T12:01:39.457700Z","level":"info","event":"Filling up the DagBag from /opt/airflow/dags/bronze_layer.py","logger":"airflow.dag_processing.dagbag.BundleDagBag","filename":"dagbag.py","lineno":469}
{"timestamp":"2026-05-22T12:02:11.364047Z","level":"info","event":"Filling up the DagBag from /opt/airflow/dags/bronze_layer.py","logger":"airflow.dag_processing.dagbag.BundleDagBag","filename":"dagbag.py","lineno":469}
{"timestamp":"2026-05-22T12:02:44.977828Z","level":"info","event":"Filling up the DagBag from /opt/airflow/dags/bronze_layer.py","logger":"airflow.dag_processing.dagbag.BundleDagBag","filename":"dagbag.py","lineno":469}
{"timestamp":"2026-05-22T12:03:21.470910Z","level":"info","event":"Filling up the DagBag from /opt/airflow/dags/bronze_layer.py","logger":"airflow.dag_processing.dagbag.BundleDagBag","filename":"dagbag.py","lineno":469}
{"timestamp":"2026-05-22T12:03:54.613917Z","level":"info","event":"Filling up the DagBag from /opt/airflow/dags/bronze_layer.py","logger":"airflow.dag_processing.dagbag.BundleDagBag","filename":"dagbag.py","lineno":469}
{"timestamp":"2026-05-22T12:04:33.443752Z","level":"info","event":"Filling up the DagBag from /opt/airflow/dags/bronze_layer.py","logger":"airflow.dag_processing.dagbag.BundleDagBag","filename":"dagbag.py","lineno":469}
{"timestamp":"2026-05-22T12:05:05.526312Z","level":"info","event":"Filling up the DagBag from /opt/airflow/dags/bronze_layer.py","logger":"airflow.dag_processing.dagbag.BundleDagBag","filename":"dagbag.py","lineno":469}
{"timestamp":"2026-05-22T12:05:35.950398Z","level":"info","event":"Filling up the DagBag from /opt/airflow/dags/bronze_layer.py","logger":"airflow.dag_processing.dagbag.BundleDagBag","filename":"dagbag.py","lineno":469}
{"timestamp":"2026-05-22T12:06:10.558768Z","level":"info","event":"Filling up the DagBag from /opt/airflow/dags/bronze_layer.py","logger":"airflow.dag_processing.dagbag.BundleDagBag","filename":"dagbag.py","lineno":469}
{"timestamp":"2026-05-22T12:06:45.519424Z","level":"info","event":"Filling up the DagBag from /opt/airflow/dags/bronze_layer.py","logger":"airflow.dag_processing.dagbag.BundleDagBag","filename":"dagbag.py","lineno":469}
{"timestamp":"2026-05-22T12:07:22.114456Z","level":"info","event":"Filling up the DagBag from /opt/airflow/dags/bronze_layer.py","logger":"airflow.dag_processing.dagbag.BundleDagBag","filename":"dagbag.py","lineno":469}
{"timestamp":"2026-05-22T12:07:53.064574Z","level":"info","event":"Filling up the DagBag from /opt/airflow/dags/bronze_layer.py","logger":"airflow.dag_processing.dagbag.BundleDagBag","filename":"dagbag.py","lineno":469}
{"timestamp":"2026-05-22T12:08:26.555196Z","level":"info","event":"Filling up the DagBag from /opt/airflow/dags/bronze_layer.py","logger":"airflow.dag_processing.dagbag.BundleDagBag","filename":"dagbag.py","lineno":469}
{"timestamp":"2026-05-22T12:08:46.016440Z","level":"info","event":"Filling up the DagBag from /opt/airflow/dags/bronze_layer.py","logger":"airflow.dag_processing.dagbag.BundleDagBag","filename":"dagbag.py","lineno":469}
{"timestamp":"2026-05-22T12:09:17.285575Z","level":"info","event":"Filling up the DagBag from /opt/airflow/dags/bronze_layer.py","logger":"airflow.dag_processing.dagbag.BundleDagBag","filename":"dagbag.py","lineno":469}
{"timestamp":"2026-05-22T12:09:48.152348Z","level":"info","event":"Filling up the DagBag from /opt/airflow/dags/bronze_layer.py","logger":"airflow.dag_processing.dagbag.BundleDagBag","filename":"dagbag.py","lineno":469}
{"timestamp":"2026-05-22T12:10:19.457555Z","level":"info","event":"Filling up the DagBag from /opt/airflow/dags/bronze_layer.py","logger":"airflow.dag_processing.dagbag.BundleDagBag","filename":"dagbag.py","lineno":469}
{"timestamp":"2026-05-22T12:10:50.054882Z","level":"info","event":"Filling up the DagBag from /opt/airflow/dags/bronze_layer.py","logger":"airflow.dag_processing.dagbag.BundleDagBag","filename":"dagbag.py","lineno":469}
{"timestamp":"2026-05-22T12:11:20.995367Z","level":"info","event":"Filling up the DagBag from /opt/airflow/dags/bronze_layer.py","logger":"airflow.dag_processing.dagbag.BundleDagBag","filename":"dagbag.py","lineno":469}
{"timestamp":"2026-05-22T12:11:51.736759Z","level":"info","event":"Filling up the DagBag from /opt/airflow/dags/bronze_layer.py","logger":"airflow.dag_processing.dagbag.BundleDagBag","filename":"dagbag.py","lineno":469}
{"timestamp":"2026-05-22T12:12:22.231259Z","level":"info","event":"Filling up the DagBag from /opt/airflow/dags/bronze_layer.py","logger":"airflow.dag_processing.dagbag.BundleDagBag","filename":"dagbag.py","lineno":469}
{"timestamp":"2026-05-22T12:12:52.470424Z","level":"info","event":"Filling up the DagBag from /opt/airflow/dags/bronze_layer.py","logger":"airflow.dag_processing.dagbag.BundleDagBag","filename":"dagbag.py","lineno":469}
{"timestamp":"2026-05-22T12:13:22.821837Z","level":"info","event":"Filling up the DagBag from /opt/airflow/dags/bronze_layer.py","logger":"airflow.dag_processing.dagbag.BundleDagBag","filename":"dagbag.py","lineno":469}
{"timestamp":"2026-05-22T12:13:53.413323Z","level":"info","event":"Filling up the DagBag from /opt/airflow/dags/bronze_layer.py","logger":"airflow.dag_processing.dagbag.BundleDagBag","filename":"dagbag.py","lineno":469}
{"timestamp":"2026-05-22T12:14:26.187653Z","level":"info","event":"Filling up the DagBag from /opt/airflow/dags/bronze_layer.py","logger":"airflow.dag_processing.dagbag.BundleDagBag","filename":"dagbag.py","lineno":469}
{"timestamp":"2026-05-22T12:14:58.063446Z","level":"info","event":"Filling up the DagBag from /opt/airflow/dags/bronze_layer.py","logger":"airflow.dag_processing.dagbag.BundleDagBag","filename":"dagbag.py","lineno":469}
{"timestamp":"2026-05-22T12:15:21.243272Z","level":"info","event":"Filling up the DagBag from /opt/airflow/dags/bronze_layer.py","logger":"airflow.dag_processing.dagbag.BundleDagBag","filename":"dagbag.py","lineno":469}
{"timestamp":"2026-05-22T12:15:42.169870Z","level":"info","event":"Filling up the DagBag from /opt/airflow/dags/bronze_layer.py","logger":"airflow.dag_processing.dagbag.BundleDagBag","filename":"dagbag.py","lineno":469}
{"timestamp":"2026-05-22T12:16:07.766643Z","level":"info","event":"Filling up the DagBag from /opt/airflow/dags/bronze_layer.py","logger":"airflow.dag_processing.dagbag.BundleDagBag","filename":"dagbag.py","lineno":469}
{"timestamp":"2026-05-22T12:16:07.814063Z","level":"error","event":"Failed to import: /opt/airflow/dags/bronze_layer.py","logger":"airflow.dag_processing.importers.python_importer","filename":"python_importer.py","lineno":244,"error_detail":[{"exc_type":"AttributeError","exc_value":"'_TaskDecorator' object has no attribute 'update_relative'","exc_notes":[],"syntax_error":null,"is_cause":false,"frames":[{"filename":"/home/airflow/.local/lib/python3.13/site-packages/airflow/dag_processing/importers/python_importer.py","lineno":238,"name":"parse"},{"filename":"<frozen importlib._bootstrap_external>","lineno":1023,"name":"exec_module"},{"filename":"<frozen importlib._bootstrap>","lineno":488,"name":"_call_with_frames_removed"},{"filename":"/opt/airflow/dags/bronze_layer.py","lineno":164,"name":"<module>"},{"filename":"/home/airflow/.local/lib/python3.13/site-packages/airflow/sdk/definitions/dag.py","lineno":1629,"name":"factory"},{"filename":"/opt/airflow/dags/bronze_layer.py","lineno":162,"name":"bronze_layer"},{"filename":"/home/airflow/.local/lib/python3.13/site-packages/airflow/sdk/definitions/_internal/mixins.py","lineno":99,"name":"__rshift__"},{"filename":"/home/airflow/.local/lib/python3.13/site-packages/airflow/sdk/definitions/xcom_arg.py","lineno":157,"name":"set_downstream"},{"filename":"/home/airflow/.local/lib/python3.13/site-packages/airflow/sdk/definitions/_internal/node.py","lineno":150,"name":"set_downstream"},{"filename":"/home/airflow/.local/lib/python3.13/site-packages/airflow/sdk/definitions/_internal/node.py","lineno":102,"name":"_set_relatives"}],"is_group":false,"exceptions":[]}]}
{"timestamp":"2026-05-22T12:16:07.826468Z","level":"error","event":"Error loading DAG from bronze_layer.py: '_TaskDecorator' object has no attribute 'update_relative'","logger":"airflow.dag_processing.dagbag.BundleDagBag","filename":"dagbag.py","lineno":327}
{"timestamp":"2026-05-22T12:16:38.484724Z","level":"info","event":"Filling up the DagBag from /opt/airflow/dags/bronze_layer.py","logger":"airflow.dag_processing.dagbag.BundleDagBag","filename":"dagbag.py","lineno":469}
{"timestamp":"2026-05-22T12:16:38.584416Z","level":"error","event":"Failed to import: /opt/airflow/dags/bronze_layer.py","logger":"airflow.dag_processing.importers.python_importer","filename":"python_importer.py","lineno":244,"error_detail":[{"exc_type":"AttributeError","exc_value":"'_TaskDecorator' object has no attribute 'update_relative'","exc_notes":[],"syntax_error":null,"is_cause":false,"frames":[{"filename":"/home/airflow/.local/lib/python3.13/site-packages/airflow/dag_processing/importers/python_importer.py","lineno":238,"name":"parse"},{"filename":"<frozen importlib._bootstrap_external>","lineno":1023,"name":"exec_module"},{"filename":"<frozen importlib._bootstrap>","lineno":488,"name":"_call_with_frames_removed"},{"filename":"/opt/airflow/dags/bronze_layer.py","lineno":164,"name":"<module>"},{"filename":"/home/airflow/.local/lib/python3.13/site-packages/airflow/sdk/definitions/dag.py","lineno":1629,"name":"factory"},{"filename":"/opt/airflow/dags/bronze_layer.py","lineno":162,"name":"bronze_layer"},{"filename":"/home/airflow/.local/lib/python3.13/site-packages/airflow/sdk/definitions/_internal/mixins.py","lineno":99,"name":"__rshift__"},{"filename":"/home/airflow/.local/lib/python3.13/site-packages/airflow/sdk/definitions/xcom_arg.py","lineno":157,"name":"set_downstream"},{"filename":"/home/airflow/.local/lib/python3.13/site-packages/airflow/sdk/definitions/_internal/node.py","lineno":150,"name":"set_downstream"},{"filename":"/home/airflow/.local/lib/python3.13/site-packages/airflow/sdk/definitions/_internal/node.py","lineno":102,"name":"_set_relatives"}],"is_group":false,"exceptions":[]}]}
{"timestamp":"2026-05-22T12:16:38.599519Z","level":"error","event":"Error loading DAG from bronze_layer.py: '_TaskDecorator' object has no attribute 'update_relative'","logger":"airflow.dag_processing.dagbag.BundleDagBag","filename":"dagbag.py","lineno":327}
{"timestamp":"2026-05-22T12:17:00.296582Z","level":"info","event":"Filling up the DagBag from /opt/airflow/dags/bronze_layer.py","logger":"airflow.dag_processing.dagbag.BundleDagBag","filename":"dagbag.py","lineno":469}
{"timestamp":"2026-05-22T12:17:00.393142Z","level":"error","event":"Failed to import: /opt/airflow/dags/bronze_layer.py","logger":"airflow.dag_processing.importers.python_importer","filename":"python_importer.py","lineno":244,"error_detail":[{"exc_type":"AttributeError","exc_value":"'_TaskDecorator' object has no attribute 'update_relative'","exc_notes":[],"syntax_error":null,"is_cause":false,"frames":[{"filename":"/home/airflow/.local/lib/python3.13/site-packages/airflow/dag_processing/importers/python_importer.py","lineno":238,"name":"parse"},{"filename":"<frozen importlib._bootstrap_external>","lineno":1023,"name":"exec_module"},{"filename":"<frozen importlib._bootstrap>","lineno":488,"name":"_call_with_frames_removed"},{"filename":"/opt/airflow/dags/bronze_layer.py","lineno":164,"name":"<module>"},{"filename":"/home/airflow/.local/lib/python3.13/site-packages/airflow/sdk/definitions/dag.py","lineno":1629,"name":"factory"},{"filename":"/opt/airflow/dags/bronze_layer.py","lineno":162,"name":"bronze_layer"},{"filename":"/home/airflow/.local/lib/python3.13/site-packages/airflow/sdk/definitions/_internal/mixins.py","lineno":99,"name":"__rshift__"},{"filename":"/home/airflow/.local/lib/python3.13/site-packages/airflow/sdk/definitions/xcom_arg.py","lineno":157,"name":"set_downstream"},{"filename":"/home/airflow/.local/lib/python3.13/site-packages/airflow/sdk/definitions/_internal/node.py","lineno":150,"name":"set_downstream"},{"filename":"/home/airflow/.local/lib/python3.13/site-packages/airflow/sdk/definitions/_internal/node.py","lineno":102,"name":"_set_relatives"}],"is_group":false,"exceptions":[]}]}
{"timestamp":"2026-05-22T12:17:00.419007Z","level":"error","event":"Error loading DAG from bronze_layer.py: '_TaskDecorator' object has no attribute 'update_relative'","logger":"airflow.dag_processing.dagbag.BundleDagBag","filename":"dagbag.py","lineno":327}
{"timestamp":"2026-05-22T12:17:33.083609Z","level":"info","event":"Filling up the DagBag from /opt/airflow/dags/bronze_layer.py","logger":"airflow.dag_processing.dagbag.BundleDagBag","filename":"dagbag.py","lineno":469}
{"timestamp":"2026-05-22T12:17:33.128776Z","level":"error","event":"Failed to import: /opt/airflow/dags/bronze_layer.py","logger":"airflow.dag_processing.importers.python_importer","filename":"python_importer.py","lineno":244,"error_detail":[{"exc_type":"AttributeError","exc_value":"'_TaskDecorator' object has no attribute 'update_relative'","exc_notes":[],"syntax_error":null,"is_cause":false,"frames":[{"filename":"/home/airflow/.local/lib/python3.13/site-packages/airflow/dag_processing/importers/python_importer.py","lineno":238,"name":"parse"},{"filename":"<frozen importlib._bootstrap_external>","lineno":1023,"name":"exec_module"},{"filename":"<frozen importlib._bootstrap>","lineno":488,"name":"_call_with_frames_removed"},{"filename":"/opt/airflow/dags/bronze_layer.py","lineno":164,"name":"<module>"},{"filename":"/home/airflow/.local/lib/python3.13/site-packages/airflow/sdk/definitions/dag.py","lineno":1629,"name":"factory"},{"filename":"/opt/airflow/dags/bronze_layer.py","lineno":162,"name":"bronze_layer"},{"filename":"/home/airflow/.local/lib/python3.13/site-packages/airflow/sdk/definitions/_internal/mixins.py","lineno":99,"name":"__rshift__"},{"filename":"/home/airflow/.local/lib/python3.13/site-packages/airflow/sdk/definitions/xcom_arg.py","lineno":157,"name":"set_downstream"},{"filename":"/home/airflow/.local/lib/python3.13/site-packages/airflow/sdk/definitions/_internal/node.py","lineno":150,"name":"set_downstream"},{"filename":"/home/airflow/.local/lib/python3.13/site-packages/airflow/sdk/definitions/_internal/node.py","lineno":102,"name":"_set_relatives"}],"is_group":false,"exceptions":[]}]}
{"timestamp":"2026-05-22T12:17:33.132308Z","level":"error","event":"Error loading DAG from bronze_layer.py: '_TaskDecorator' object has no attribute 'update_relative'","logger":"airflow.dag_processing.dagbag.BundleDagBag","filename":"dagbag.py","lineno":327}
{"timestamp":"2026-05-22T12:18:01.868062Z","level":"info","event":"Filling up the DagBag from /opt/airflow/dags/bronze_layer.py","logger":"airflow.dag_processing.dagbag.BundleDagBag","filename":"dagbag.py","lineno":469}
{"timestamp":"2026-05-22T12:18:01.895066Z","level":"error","event":"Failed to import: /opt/airflow/dags/bronze_layer.py","logger":"airflow.dag_processing.importers.python_importer","filename":"python_importer.py","lineno":244,"error_detail":[{"exc_type":"AttributeError","exc_value":"'_TaskDecorator' object has no attribute 'update_relative'","exc_notes":[],"syntax_error":null,"is_cause":false,"frames":[{"filename":"/home/airflow/.local/lib/python3.13/site-packages/airflow/dag_processing/importers/python_importer.py","lineno":238,"name":"parse"},{"filename":"<frozen importlib._bootstrap_external>","lineno":1023,"name":"exec_module"},{"filename":"<frozen importlib._bootstrap>","lineno":488,"name":"_call_with_frames_removed"},{"filename":"/opt/airflow/dags/bronze_layer.py","lineno":164,"name":"<module>"},{"filename":"/home/airflow/.local/lib/python3.13/site-packages/airflow/sdk/definitions/dag.py","lineno":1629,"name":"factory"},{"filename":"/opt/airflow/dags/bronze_layer.py","lineno":162,"name":"bronze_layer"},{"filename":"/home/airflow/.local/lib/python3.13/site-packages/airflow/sdk/definitions/_internal/mixins.py","lineno":99,"name":"__rshift__"},{"filename":"/home/airflow/.local/lib/python3.13/site-packages/airflow/sdk/definitions/xcom_arg.py","lineno":157,"name":"set_downstream"},{"filename":"/home/airflow/.local/lib/python3.13/site-packages/airflow/sdk/definitions/_internal/node.py","lineno":150,"name":"set_downstream"},{"filename":"/home/airflow/.local/lib/python3.13/site-packages/airflow/sdk/definitions/_internal/node.py","lineno":102,"name":"_set_relatives"}],"is_group":false,"exceptions":[]}]}
{"timestamp":"2026-05-22T12:18:01.898517Z","level":"error","event":"Error loading DAG from bronze_layer.py: '_TaskDecorator' object has no attribute 'update_relative'","logger":"airflow.dag_processing.dagbag.BundleDagBag","filename":"dagbag.py","lineno":327}
{"timestamp":"2026-05-22T12:18:08.797961Z","level":"info","event":"Filling up the DagBag from /opt/airflow/dags/bronze_layer.py","logger":"airflow.dag_processing.dagbag.BundleDagBag","filename":"dagbag.py","lineno":469}
{"timestamp":"2026-05-22T12:18:08.909016Z","level":"error","event":"Failed to import: /opt/airflow/dags/bronze_layer.py","logger":"airflow.dag_processing.importers.python_importer","filename":"python_importer.py","lineno":244,"error_detail":[{"exc_type":"AttributeError","exc_value":"'_TaskDecorator' object has no attribute 'update_relative'","exc_notes":[],"syntax_error":null,"is_cause":false,"frames":[{"filename":"/home/airflow/.local/lib/python3.13/site-packages/airflow/dag_processing/importers/python_importer.py","lineno":238,"name":"parse"},{"filename":"<frozen importlib._bootstrap_external>","lineno":1023,"name":"exec_module"},{"filename":"<frozen importlib._bootstrap>","lineno":488,"name":"_call_with_frames_removed"},{"filename":"/opt/airflow/dags/bronze_layer.py","lineno":164,"name":"<module>"},{"filename":"/home/airflow/.local/lib/python3.13/site-packages/airflow/sdk/definitions/dag.py","lineno":1629,"name":"factory"},{"filename":"/opt/airflow/dags/bronze_layer.py","lineno":162,"name":"bronze_layer"},{"filename":"/home/airflow/.local/lib/python3.13/site-packages/airflow/sdk/definitions/_internal/mixins.py","lineno":99,"name":"__rshift__"},{"filename":"/home/airflow/.local/lib/python3.13/site-packages/airflow/sdk/definitions/xcom_arg.py","lineno":157,"name":"set_downstream"},{"filename":"/home/airflow/.local/lib/python3.13/site-packages/airflow/sdk/definitions/_internal/node.py","lineno":150,"name":"set_downstream"},{"filename":"/home/airflow/.local/lib/python3.13/site-packages/airflow/sdk/definitions/_internal/node.py","lineno":102,"name":"_set_relatives"}],"is_group":false,"exceptions":[]}]}
{"timestamp":"2026-05-22T12:18:08.916942Z","level":"error","event":"Error loading DAG from bronze_layer.py: '_TaskDecorator' object has no attribute 'update_relative'","logger":"airflow.dag_processing.dagbag.BundleDagBag","filename":"dagbag.py","lineno":327}
{"timestamp":"2026-05-22T12:18:23.480094Z","level":"info","event":"Filling up the DagBag from /opt/airflow/dags/bronze_layer.py","logger":"airflow.dag_processing.dagbag.BundleDagBag","filename":"dagbag.py","lineno":469}
{"timestamp":"2026-05-22T12:18:35.438892Z","level":"info","event":"Filling up the DagBag from /opt/airflow/dags/bronze_layer.py","logger":"airflow.dag_processing.dagbag.BundleDagBag","filename":"dagbag.py","lineno":469}
{"timestamp":"2026-05-22T12:18:40.159602Z","level":"info","event":"Filling up the DagBag from /opt/airflow/dags/bronze_layer.py","logger":"airflow.dag_processing.dagbag.BundleDagBag","filename":"dagbag.py","lineno":469}
{"timestamp":"2026-05-22T12:19:15.964787Z","level":"info","event":"Filling up the DagBag from /opt/airflow/dags/bronze_layer.py","logger":"airflow.dag_processing.dagbag.BundleDagBag","filename":"dagbag.py","lineno":469}
{"timestamp":"2026-05-22T12:19:46.388565Z","level":"info","event":"Filling up the DagBag from /opt/airflow/dags/bronze_layer.py","logger":"airflow.dag_processing.dagbag.BundleDagBag","filename":"dagbag.py","lineno":469}
{"timestamp":"2026-05-22T12:20:16.691871Z","level":"info","event":"Filling up the DagBag from /opt/airflow/dags/bronze_layer.py","logger":"airflow.dag_processing.dagbag.BundleDagBag","filename":"dagbag.py","lineno":469}
{"timestamp":"2026-05-22T12:20:46.975459Z","level":"info","event":"Filling up the DagBag from /opt/airflow/dags/bronze_layer.py","logger":"airflow.dag_processing.dagbag.BundleDagBag","filename":"dagbag.py","lineno":469}
{"timestamp":"2026-05-22T12:21:17.851285Z","level":"info","event":"Filling up the DagBag from /opt/airflow/dags/bronze_layer.py","logger":"airflow.dag_processing.dagbag.BundleDagBag","filename":"dagbag.py","lineno":469}
{"timestamp":"2026-05-22T12:21:48.304506Z","level":"info","event":"Filling up the DagBag from /opt/airflow/dags/bronze_layer.py","logger":"airflow.dag_processing.dagbag.BundleDagBag","filename":"dagbag.py","lineno":469}
{"timestamp":"2026-05-22T12:22:19.421502Z","level":"info","event":"Filling up the DagBag from /opt/airflow/dags/bronze_layer.py","logger":"airflow.dag_processing.dagbag.BundleDagBag","filename":"dagbag.py","lineno":469}
{"timestamp":"2026-05-22T12:22:49.825103Z","level":"info","event":"Filling up the DagBag from /opt/airflow/dags/bronze_layer.py","logger":"airflow.dag_processing.dagbag.BundleDagBag","filename":"dagbag.py","lineno":469}
{"timestamp":"2026-05-22T12:23:20.405236Z","level":"info","event":"Filling up the DagBag from /opt/airflow/dags/bronze_layer.py","logger":"airflow.dag_processing.dagbag.BundleDagBag","filename":"dagbag.py","lineno":469}
{"timestamp":"2026-05-22T12:23:50.843702Z","level":"info","event":"Filling up the DagBag from /opt/airflow/dags/bronze_layer.py","logger":"airflow.dag_processing.dagbag.BundleDagBag","filename":"dagbag.py","lineno":469}
{"timestamp":"2026-05-22T12:24:21.767928Z","level":"info","event":"Filling up the DagBag from /opt/airflow/dags/bronze_layer.py","logger":"airflow.dag_processing.dagbag.BundleDagBag","filename":"dagbag.py","lineno":469}
{"timestamp":"2026-05-22T12:24:52.112961Z","level":"info","event":"Filling up the DagBag from /opt/airflow/dags/bronze_layer.py","logger":"airflow.dag_processing.dagbag.BundleDagBag","filename":"dagbag.py","lineno":469}
{"timestamp":"2026-05-22T12:25:24.240833Z","level":"info","event":"Filling up the DagBag from /opt/airflow/dags/bronze_layer.py","logger":"airflow.dag_processing.dagbag.BundleDagBag","filename":"dagbag.py","lineno":469}
{"timestamp":"2026-05-22T12:25:56.095954Z","level":"info","event":"Filling up the DagBag from /opt/airflow/dags/bronze_layer.py","logger":"airflow.dag_processing.dagbag.BundleDagBag","filename":"dagbag.py","lineno":469}
{"timestamp":"2026-05-22T12:26:27.527526Z","level":"info","event":"Filling up the DagBag from /opt/airflow/dags/bronze_layer.py","logger":"airflow.dag_processing.dagbag.BundleDagBag","filename":"dagbag.py","lineno":469}
{"timestamp":"2026-05-22T12:26:59.052812Z","level":"info","event":"Filling up the DagBag from /opt/airflow/dags/bronze_layer.py","logger":"airflow.dag_processing.dagbag.BundleDagBag","filename":"dagbag.py","lineno":469}
{"timestamp":"2026-05-22T12:27:31.655478Z","level":"info","event":"Filling up the DagBag from /opt/airflow/dags/bronze_layer.py","logger":"airflow.dag_processing.dagbag.BundleDagBag","filename":"dagbag.py","lineno":469}
{"timestamp":"2026-05-22T12:28:02.992787Z","level":"info","event":"Filling up the DagBag from /opt/airflow/dags/bronze_layer.py","logger":"airflow.dag_processing.dagbag.BundleDagBag","filename":"dagbag.py","lineno":469}
{"timestamp":"2026-05-22T12:28:33.513916Z","level":"info","event":"Filling up the DagBag from /opt/airflow/dags/bronze_layer.py","logger":"airflow.dag_processing.dagbag.BundleDagBag","filename":"dagbag.py","lineno":469}
{"timestamp":"2026-05-22T12:29:04.453387Z","level":"info","event":"Filling up the DagBag from /opt/airflow/dags/bronze_layer.py","logger":"airflow.dag_processing.dagbag.BundleDagBag","filename":"dagbag.py","lineno":469}
{"timestamp":"2026-05-22T12:29:24.372579Z","level":"info","event":"Filling up the DagBag from /opt/airflow/dags/bronze_layer.py","logger":"airflow.dag_processing.dagbag.BundleDagBag","filename":"dagbag.py","lineno":469}
{"timestamp":"2026-05-22T12:29:54.681356Z","level":"info","event":"Filling up the DagBag from /opt/airflow/dags/bronze_layer.py","logger":"airflow.dag_processing.dagbag.BundleDagBag","filename":"dagbag.py","lineno":469}
{"timestamp":"2026-05-22T12:30:25.584789Z","level":"info","event":"Filling up the DagBag from /opt/airflow/dags/bronze_layer.py","logger":"airflow.dag_processing.dagbag.BundleDagBag","filename":"dagbag.py","lineno":469}
{"timestamp":"2026-05-22T12:30:56.166509Z","level":"info","event":"Filling up the DagBag from /opt/airflow/dags/bronze_layer.py","logger":"airflow.dag_processing.dagbag.BundleDagBag","filename":"dagbag.py","lineno":469}
{"timestamp":"2026-05-22T12:31:26.874137Z","level":"info","event":"Filling up the DagBag from /opt/airflow/dags/bronze_layer.py","logger":"airflow.dag_processing.dagbag.BundleDagBag","filename":"dagbag.py","lineno":469}
{"timestamp":"2026-05-22T12:31:57.560627Z","level":"info","event":"Filling up the DagBag from /opt/airflow/dags/bronze_layer.py","logger":"airflow.dag_processing.dagbag.BundleDagBag","filename":"dagbag.py","lineno":469}
{"timestamp":"2026-05-22T12:32:27.968094Z","level":"info","event":"Filling up the DagBag from /opt/airflow/dags/bronze_layer.py","logger":"airflow.dag_processing.dagbag.BundleDagBag","filename":"dagbag.py","lineno":469}
{"timestamp":"2026-05-22T12:32:55.220376Z","level":"info","event":"Filling up the DagBag from /opt/airflow/dags/bronze_layer.py","logger":"airflow.dag_processing.dagbag.BundleDagBag","filename":"dagbag.py","lineno":469}
{"timestamp":"2026-05-22T12:33:11.129930Z","level":"info","event":"Filling up the DagBag from /opt/airflow/dags/bronze_layer.py","logger":"airflow.dag_processing.dagbag.BundleDagBag","filename":"dagbag.py","lineno":469}
{"timestamp":"2026-05-22T12:33:42.026780Z","level":"info","event":"Filling up the DagBag from /opt/airflow/dags/bronze_layer.py","logger":"airflow.dag_processing.dagbag.BundleDagBag","filename":"dagbag.py","lineno":469}
{"timestamp":"2026-05-22T12:34:12.499718Z","level":"info","event":"Filling up the DagBag from /opt/airflow/dags/bronze_layer.py","logger":"airflow.dag_processing.dagbag.BundleDagBag","filename":"dagbag.py","lineno":469}
{"timestamp":"2026-05-22T12:34:42.886989Z","level":"info","event":"Filling up the DagBag from /opt/airflow/dags/bronze_layer.py","logger":"airflow.dag_processing.dagbag.BundleDagBag","filename":"dagbag.py","lineno":469}
{"timestamp":"2026-05-22T12:34:55.352009Z","level":"info","event":"Filling up the DagBag from /opt/airflow/dags/bronze_layer.py","logger":"airflow.dag_processing.dagbag.BundleDagBag","filename":"dagbag.py","lineno":469}
{"timestamp":"2026-05-22T12:34:55.357115Z","level":"error","event":"Failed to import: /opt/airflow/dags/bronze_layer.py","logger":"airflow.dag_processing.importers.python_importer","filename":"python_importer.py","lineno":244,"error_detail":[{"exc_type":"IndentationError","exc_value":"unexpected indent (bronze_layer.py, line 148)","exc_notes":[],"syntax_error":{"offset":12,"filename":"/opt/airflow/dags/bronze_layer.py","line":"            with open(file_path, \"wb\") as file:\n","lineno":148,"msg":"unexpected indent"},"is_cause":false,"frames":[{"filename":"/home/airflow/.local/lib/python3.13/site-packages/airflow/dag_processing/importers/python_importer.py","lineno":238,"name":"parse"},{"filename":"<frozen importlib._bootstrap_external>","lineno":1019,"name":"exec_module"},{"filename":"<frozen importlib._bootstrap_external>","lineno":1157,"name":"get_code"},{"filename":"<frozen importlib._bootstrap_external>","lineno":1087,"name":"source_to_code"},{"filename":"<frozen importlib._bootstrap>","lineno":488,"name":"_call_with_frames_removed"}],"is_group":false,"exceptions":[]}]}
{"timestamp":"2026-05-22T12:34:55.359178Z","level":"error","event":"Error loading DAG from bronze_layer.py: unexpected indent (bronze_layer.py, line 148)","logger":"airflow.dag_processing.dagbag.BundleDagBag","filename":"dagbag.py","lineno":327}
{"timestamp":"2026-05-22T12:35:02.425531Z","level":"info","event":"Filling up the DagBag from /opt/airflow/dags/bronze_layer.py","logger":"airflow.dag_processing.dagbag.BundleDagBag","filename":"dagbag.py","lineno":469}
{"timestamp":"2026-05-22T12:35:02.431173Z","level":"error","event":"Failed to import: /opt/airflow/dags/bronze_layer.py","logger":"airflow.dag_processing.importers.python_importer","filename":"python_importer.py","lineno":244,"error_detail":[{"exc_type":"IndentationError","exc_value":"unindent does not match any outer indentation level (bronze_layer.py, line 150)","exc_notes":[],"syntax_error":{"offset":66,"filename":"/opt/airflow/dags/bronze_layer.py","line":"            print(f\"File '{file_name}' downloaded successfully.\")\n","lineno":150,"msg":"unindent does not match any outer indentation level"},"is_cause":false,"frames":[{"filename":"/home/airflow/.local/lib/python3.13/site-packages/airflow/dag_processing/importers/python_importer.py","lineno":238,"name":"parse"},{"filename":"<frozen importlib._bootstrap_external>","lineno":1019,"name":"exec_module"},{"filename":"<frozen importlib._bootstrap_external>","lineno":1157,"name":"get_code"},{"filename":"<frozen importlib._bootstrap_external>","lineno":1087,"name":"source_to_code"},{"filename":"<frozen importlib._bootstrap>","lineno":488,"name":"_call_with_frames_removed"}],"is_group":false,"exceptions":[]}]}
{"timestamp":"2026-05-22T12:35:02.433438Z","level":"error","event":"Error loading DAG from bronze_layer.py: unindent does not match any outer indentation level (bronze_layer.py, line 150)","logger":"airflow.dag_processing.dagbag.BundleDagBag","filename":"dagbag.py","lineno":327}
{"timestamp":"2026-05-22T12:35:17.011293Z","level":"info","event":"Filling up the DagBag from /opt/airflow/dags/bronze_layer.py","logger":"airflow.dag_processing.dagbag.BundleDagBag","filename":"dagbag.py","lineno":469}
{"timestamp":"2026-05-22T12:35:17.029679Z","level":"error","event":"Failed to import: /opt/airflow/dags/bronze_layer.py","logger":"airflow.dag_processing.importers.python_importer","filename":"python_importer.py","lineno":244,"error_detail":[{"exc_type":"SyntaxError","exc_value":"invalid syntax (bronze_layer.py, line 151)","exc_notes":[],"syntax_error":{"offset":9,"filename":"/opt/airflow/dags/bronze_layer.py","line":"        else:\n","lineno":151,"msg":"invalid syntax"},"is_cause":false,"frames":[{"filename":"/home/airflow/.local/lib/python3.13/site-packages/airflow/dag_processing/importers/python_importer.py","lineno":238,"name":"parse"},{"filename":"<frozen importlib._bootstrap_external>","lineno":1019,"name":"exec_module"},{"filename":"<frozen importlib._bootstrap_external>","lineno":1157,"name":"get_code"},{"filename":"<frozen importlib._bootstrap_external>","lineno":1087,"name":"source_to_code"},{"filename":"<frozen importlib._bootstrap>","lineno":488,"name":"_call_with_frames_removed"}],"is_group":false,"exceptions":[]}]}
{"timestamp":"2026-05-22T12:35:17.037042Z","level":"error","event":"Error loading DAG from bronze_layer.py: invalid syntax (bronze_layer.py, line 151)","logger":"airflow.dag_processing.dagbag.BundleDagBag","filename":"dagbag.py","lineno":327}
{"timestamp":"2026-05-22T12:35:27.211314Z","level":"info","event":"Filling up the DagBag from /opt/airflow/dags/bronze_layer.py","logger":"airflow.dag_processing.dagbag.BundleDagBag","filename":"dagbag.py","lineno":469}
{"timestamp":"2026-05-22T12:35:27.228182Z","level":"error","event":"Failed to import: /opt/airflow/dags/bronze_layer.py","logger":"airflow.dag_processing.importers.python_importer","filename":"python_importer.py","lineno":244,"error_detail":[{"exc_type":"SyntaxError","exc_value":"invalid syntax (bronze_layer.py, line 152)","exc_notes":[],"syntax_error":{"offset":9,"filename":"/opt/airflow/dags/bronze_layer.py","line":"        except Exception as e:\n","lineno":152,"msg":"invalid syntax"},"is_cause":false,"frames":[{"filename":"/home/airflow/.local/lib/python3.13/site-packages/airflow/dag_processing/importers/python_importer.py","lineno":238,"name":"parse"},{"filename":"<frozen importlib._bootstrap_external>","lineno":1019,"name":"exec_module"},{"filename":"<frozen importlib._bootstrap_external>","lineno":1157,"name":"get_code"},{"filename":"<frozen importlib._bootstrap_external>","lineno":1087,"name":"source_to_code"},{"filename":"<frozen importlib._bootstrap>","lineno":488,"name":"_call_with_frames_removed"}],"is_group":false,"exceptions":[]}]}
{"timestamp":"2026-05-22T12:35:27.230892Z","level":"error","event":"Error loading DAG from bronze_layer.py: invalid syntax (bronze_layer.py, line 152)","logger":"airflow.dag_processing.dagbag.BundleDagBag","filename":"dagbag.py","lineno":327}
{"timestamp":"2026-05-22T12:35:41.376636Z","level":"info","event":"Filling up the DagBag from /opt/airflow/dags/bronze_layer.py","logger":"airflow.dag_processing.dagbag.BundleDagBag","filename":"dagbag.py","lineno":469}
{"timestamp":"2026-05-22T12:35:46.538286Z","level":"info","event":"Filling up the DagBag from /opt/airflow/dags/bronze_layer.py","logger":"airflow.dag_processing.dagbag.BundleDagBag","filename":"dagbag.py","lineno":469}
{"timestamp":"2026-05-22T12:36:03.421938Z","level":"info","event":"Filling up the DagBag from /opt/airflow/dags/bronze_layer.py","logger":"airflow.dag_processing.dagbag.BundleDagBag","filename":"dagbag.py","lineno":469}
{"timestamp":"2026-05-22T12:36:34.110163Z","level":"info","event":"Filling up the DagBag from /opt/airflow/dags/bronze_layer.py","logger":"airflow.dag_processing.dagbag.BundleDagBag","filename":"dagbag.py","lineno":469}
{"timestamp":"2026-05-22T12:37:04.851293Z","level":"info","event":"Filling up the DagBag from /opt/airflow/dags/bronze_layer.py","logger":"airflow.dag_processing.dagbag.BundleDagBag","filename":"dagbag.py","lineno":469}
{"timestamp":"2026-05-22T12:37:35.061289Z","level":"info","event":"Filling up the DagBag from /opt/airflow/dags/bronze_layer.py","logger":"airflow.dag_processing.dagbag.BundleDagBag","filename":"dagbag.py","lineno":469}
{"timestamp":"2026-05-22T12:38:05.548446Z","level":"info","event":"Filling up the DagBag from /opt/airflow/dags/bronze_layer.py","logger":"airflow.dag_processing.dagbag.BundleDagBag","filename":"dagbag.py","lineno":469}
{"timestamp":"2026-05-22T12:38:36.418839Z","level":"info","event":"Filling up the DagBag from /opt/airflow/dags/bronze_layer.py","logger":"airflow.dag_processing.dagbag.BundleDagBag","filename":"dagbag.py","lineno":469}
{"timestamp":"2026-05-22T12:39:07.274773Z","level":"info","event":"Filling up the DagBag from /opt/airflow/dags/bronze_layer.py","logger":"airflow.dag_processing.dagbag.BundleDagBag","filename":"dagbag.py","lineno":469}
{"timestamp":"2026-05-22T12:39:37.839418Z","level":"info","event":"Filling up the DagBag from /opt/airflow/dags/bronze_layer.py","logger":"airflow.dag_processing.dagbag.BundleDagBag","filename":"dagbag.py","lineno":469}
{"timestamp":"2026-05-22T12:40:08.422879Z","level":"info","event":"Filling up the DagBag from /opt/airflow/dags/bronze_layer.py","logger":"airflow.dag_processing.dagbag.BundleDagBag","filename":"dagbag.py","lineno":469}
{"timestamp":"2026-05-22T12:40:38.985193Z","level":"info","event":"Filling up the DagBag from /opt/airflow/dags/bronze_layer.py","logger":"airflow.dag_processing.dagbag.BundleDagBag","filename":"dagbag.py","lineno":469}
{"timestamp":"2026-05-22T12:41:09.241873Z","level":"info","event":"Filling up the DagBag from /opt/airflow/dags/bronze_layer.py","logger":"airflow.dag_processing.dagbag.BundleDagBag","filename":"dagbag.py","lineno":469}
{"timestamp":"2026-05-22T12:41:39.617224Z","level":"info","event":"Filling up the DagBag from /opt/airflow/dags/bronze_layer.py","logger":"airflow.dag_processing.dagbag.BundleDagBag","filename":"dagbag.py","lineno":469}
{"timestamp":"2026-05-22T12:42:09.841939Z","level":"info","event":"Filling up the DagBag from /opt/airflow/dags/bronze_layer.py","logger":"airflow.dag_processing.dagbag.BundleDagBag","filename":"dagbag.py","lineno":469}
{"timestamp":"2026-05-22T12:42:40.588305Z","level":"info","event":"Filling up the DagBag from /opt/airflow/dags/bronze_layer.py","logger":"airflow.dag_processing.dagbag.BundleDagBag","filename":"dagbag.py","lineno":469}
{"timestamp":"2026-05-22T12:43:10.984371Z","level":"info","event":"Filling up the DagBag from /opt/airflow/dags/bronze_layer.py","logger":"airflow.dag_processing.dagbag.BundleDagBag","filename":"dagbag.py","lineno":469}
{"timestamp":"2026-05-22T12:43:41.593014Z","level":"info","event":"Filling up the DagBag from /opt/airflow/dags/bronze_layer.py","logger":"airflow.dag_processing.dagbag.BundleDagBag","filename":"dagbag.py","lineno":469}
{"timestamp":"2026-05-22T12:44:14.198845Z","level":"info","event":"Filling up the DagBag from /opt/airflow/dags/bronze_layer.py","logger":"airflow.dag_processing.dagbag.BundleDagBag","filename":"dagbag.py","lineno":469}
{"timestamp":"2026-05-22T12:44:44.989582Z","level":"info","event":"Filling up the DagBag from /opt/airflow/dags/bronze_layer.py","logger":"airflow.dag_processing.dagbag.BundleDagBag","filename":"dagbag.py","lineno":469}
{"timestamp":"2026-05-22T12:45:15.347643Z","level":"info","event":"Filling up the DagBag from /opt/airflow/dags/bronze_layer.py","logger":"airflow.dag_processing.dagbag.BundleDagBag","filename":"dagbag.py","lineno":469}
{"timestamp":"2026-05-22T12:45:45.918287Z","level":"info","event":"Filling up the DagBag from /opt/airflow/dags/bronze_layer.py","logger":"airflow.dag_processing.dagbag.BundleDagBag","filename":"dagbag.py","lineno":469}
{"timestamp":"2026-05-22T12:46:16.630400Z","level":"info","event":"Filling up the DagBag from /opt/airflow/dags/bronze_layer.py","logger":"airflow.dag_processing.dagbag.BundleDagBag","filename":"dagbag.py","lineno":469}
{"timestamp":"2026-05-22T12:46:47.665604Z","level":"info","event":"Filling up the DagBag from /opt/airflow/dags/bronze_layer.py","logger":"airflow.dag_processing.dagbag.BundleDagBag","filename":"dagbag.py","lineno":469}
{"timestamp":"2026-05-22T12:47:20.318144Z","level":"info","event":"Filling up the DagBag from /opt/airflow/dags/bronze_layer.py","logger":"airflow.dag_processing.dagbag.BundleDagBag","filename":"dagbag.py","lineno":469}
{"timestamp":"2026-05-22T12:47:51.555753Z","level":"info","event":"Filling up the DagBag from /opt/airflow/dags/bronze_layer.py","logger":"airflow.dag_processing.dagbag.BundleDagBag","filename":"dagbag.py","lineno":469}
{"timestamp":"2026-05-22T12:48:22.080684Z","level":"info","event":"Filling up the DagBag from /opt/airflow/dags/bronze_layer.py","logger":"airflow.dag_processing.dagbag.BundleDagBag","filename":"dagbag.py","lineno":469}
{"timestamp":"2026-05-22T12:48:52.727369Z","level":"info","event":"Filling up the DagBag from /opt/airflow/dags/bronze_layer.py","logger":"airflow.dag_processing.dagbag.BundleDagBag","filename":"dagbag.py","lineno":469}
{"timestamp":"2026-05-22T12:49:23.447467Z","level":"info","event":"Filling up the DagBag from /opt/airflow/dags/bronze_layer.py","logger":"airflow.dag_processing.dagbag.BundleDagBag","filename":"dagbag.py","lineno":469}
{"timestamp":"2026-05-22T12:49:53.961998Z","level":"info","event":"Filling up the DagBag from /opt/airflow/dags/bronze_layer.py","logger":"airflow.dag_processing.dagbag.BundleDagBag","filename":"dagbag.py","lineno":469}
{"timestamp":"2026-05-22T12:50:25.458266Z","level":"info","event":"Filling up the DagBag from /opt/airflow/dags/bronze_layer.py","logger":"airflow.dag_processing.dagbag.BundleDagBag","filename":"dagbag.py","lineno":469}
{"timestamp":"2026-05-22T12:50:56.352025Z","level":"info","event":"Filling up the DagBag from /opt/airflow/dags/bronze_layer.py","logger":"airflow.dag_processing.dagbag.BundleDagBag","filename":"dagbag.py","lineno":469}
{"timestamp":"2026-05-22T12:51:26.968449Z","level":"info","event":"Filling up the DagBag from /opt/airflow/dags/bronze_layer.py","logger":"airflow.dag_processing.dagbag.BundleDagBag","filename":"dagbag.py","lineno":469}
{"timestamp":"2026-05-22T12:51:57.589571Z","level":"info","event":"Filling up the DagBag from /opt/airflow/dags/bronze_layer.py","logger":"airflow.dag_processing.dagbag.BundleDagBag","filename":"dagbag.py","lineno":469}
{"timestamp":"2026-05-22T12:52:28.186807Z","level":"info","event":"Filling up the DagBag from /opt/airflow/dags/bronze_layer.py","logger":"airflow.dag_processing.dagbag.BundleDagBag","filename":"dagbag.py","lineno":469}
{"timestamp":"2026-05-22T12:52:58.509798Z","level":"info","event":"Filling up the DagBag from /opt/airflow/dags/bronze_layer.py","logger":"airflow.dag_processing.dagbag.BundleDagBag","filename":"dagbag.py","lineno":469}
{"timestamp":"2026-05-22T12:53:29.248974Z","level":"info","event":"Filling up the DagBag from /opt/airflow/dags/bronze_layer.py","logger":"airflow.dag_processing.dagbag.BundleDagBag","filename":"dagbag.py","lineno":469}
{"timestamp":"2026-05-22T12:53:59.693051Z","level":"info","event":"Filling up the DagBag from /opt/airflow/dags/bronze_layer.py","logger":"airflow.dag_processing.dagbag.BundleDagBag","filename":"dagbag.py","lineno":469}
{"timestamp":"2026-05-22T12:54:30.398762Z","level":"info","event":"Filling up the DagBag from /opt/airflow/dags/bronze_layer.py","logger":"airflow.dag_processing.dagbag.BundleDagBag","filename":"dagbag.py","lineno":469}
{"timestamp":"2026-05-22T12:55:00.869359Z","level":"info","event":"Filling up the DagBag from /opt/airflow/dags/bronze_layer.py","logger":"airflow.dag_processing.dagbag.BundleDagBag","filename":"dagbag.py","lineno":469}
{"timestamp":"2026-05-22T12:55:34.024771Z","level":"info","event":"Filling up the DagBag from /opt/airflow/dags/bronze_layer.py","logger":"airflow.dag_processing.dagbag.BundleDagBag","filename":"dagbag.py","lineno":469}
{"timestamp":"2026-05-22T12:56:09.118930Z","level":"info","event":"Filling up the DagBag from /opt/airflow/dags/bronze_layer.py","logger":"airflow.dag_processing.dagbag.BundleDagBag","filename":"dagbag.py","lineno":469}
{"timestamp":"2026-05-22T12:56:48.026348Z","level":"info","event":"Filling up the DagBag from /opt/airflow/dags/bronze_layer.py","logger":"airflow.dag_processing.dagbag.BundleDagBag","filename":"dagbag.py","lineno":469}
{"timestamp":"2026-05-22T12:57:38.177059Z","level":"info","event":"Filling up the DagBag from /opt/airflow/dags/bronze_layer.py","logger":"airflow.dag_processing.dagbag.BundleDagBag","filename":"dagbag.py","lineno":469}
{"timestamp":"2026-05-22T12:58:32.873107Z","level":"info","event":"Filling up the DagBag from /opt/airflow/dags/bronze_layer.py","logger":"airflow.dag_processing.dagbag.BundleDagBag","filename":"dagbag.py","lineno":469}
{"timestamp":"2026-05-22T12:59:15.251376Z","level":"info","event":"Filling up the DagBag from /opt/airflow/dags/bronze_layer.py","logger":"airflow.dag_processing.dagbag.BundleDagBag","filename":"dagbag.py","lineno":469}
{"timestamp":"2026-05-22T12:59:46.055290Z","level":"info","event":"Filling up the DagBag from /opt/airflow/dags/bronze_layer.py","logger":"airflow.dag_processing.dagbag.BundleDagBag","filename":"dagbag.py","lineno":469}
{"timestamp":"2026-05-22T13:00:16.353168Z","level":"info","event":"Filling up the DagBag from /opt/airflow/dags/bronze_layer.py","logger":"airflow.dag_processing.dagbag.BundleDagBag","filename":"dagbag.py","lineno":469}
{"timestamp":"2026-05-22T13:00:46.723499Z","level":"info","event":"Filling up the DagBag from /opt/airflow/dags/bronze_layer.py","logger":"airflow.dag_processing.dagbag.BundleDagBag","filename":"dagbag.py","lineno":469}
{"timestamp":"2026-05-22T13:01:20.625658Z","level":"info","event":"Filling up the DagBag from /opt/airflow/dags/bronze_layer.py","logger":"airflow.dag_processing.dagbag.BundleDagBag","filename":"dagbag.py","lineno":469}
{"timestamp":"2026-05-22T13:02:37.729432Z","level":"info","event":"Filling up the DagBag from /opt/airflow/dags/bronze_layer.py","logger":"airflow.dag_processing.dagbag.BundleDagBag","filename":"dagbag.py","lineno":469}
{"timestamp":"2026-05-22T13:04:39.199937Z","level":"info","event":"Filling up the DagBag from /opt/airflow/dags/bronze_layer.py","logger":"airflow.dag_processing.dagbag.BundleDagBag","filename":"dagbag.py","lineno":469}
{"timestamp":"2026-05-22T13:05:11.538810Z","level":"info","event":"Filling up the DagBag from /opt/airflow/dags/bronze_layer.py","logger":"airflow.dag_processing.dagbag.BundleDagBag","filename":"dagbag.py","lineno":469}
{"timestamp":"2026-05-22T13:05:24.842362Z","level":"info","event":"Filling up the DagBag from /opt/airflow/dags/bronze_layer.py","logger":"airflow.dag_processing.dagbag.BundleDagBag","filename":"dagbag.py","lineno":469}
{"timestamp":"2026-05-22T13:05:24.868771Z","level":"error","event":"Failed to import: /opt/airflow/dags/bronze_layer.py","logger":"airflow.dag_processing.importers.python_importer","filename":"python_importer.py","lineno":244,"error_detail":[{"exc_type":"ValueError","exc_value":"Tried to create relationships between tasks that don't have Dags yet. Set the Dag for at least one task and try again: [<Task(_PythonDecoratedOperator): create_datawarehouse_db>, <Task(SQLExecuteQueryOperator): schemas_creation>]","exc_notes":[],"syntax_error":null,"is_cause":false,"frames":[{"filename":"/home/airflow/.local/lib/python3.13/site-packages/airflow/dag_processing/importers/python_importer.py","lineno":238,"name":"parse"},{"filename":"<frozen importlib._bootstrap_external>","lineno":1023,"name":"exec_module"},{"filename":"<frozen importlib._bootstrap>","lineno":488,"name":"_call_with_frames_removed"},{"filename":"/opt/airflow/dags/bronze_layer.py","lineno":174,"name":"<module>"},{"filename":"/opt/airflow/dags/bronze_layer.py","lineno":172,"name":"bronze_layer"},{"filename":"/home/airflow/.local/lib/python3.13/site-packages/airflow/sdk/definitions/_internal/mixins.py","lineno":99,"name":"__rshift__"},{"filename":"/home/airflow/.local/lib/python3.13/site-packages/airflow/sdk/definitions/xcom_arg.py","lineno":157,"name":"set_downstream"},{"filename":"/home/airflow/.local/lib/python3.13/site-packages/airflow/sdk/definitions/_internal/node.py","lineno":150,"name":"set_downstream"},{"filename":"/home/airflow/.local/lib/python3.13/site-packages/airflow/sdk/definitions/_internal/node.py","lineno":120,"name":"_set_relatives"}],"is_group":false,"exceptions":[]}]}
{"timestamp":"2026-05-22T13:05:24.873271Z","level":"error","event":"Error loading DAG from bronze_layer.py: Tried to create relationships between tasks that don't have Dags yet. Set the Dag for at least one task and try again: [<Task(_PythonDecoratedOperator): create_datawarehouse_db>, <Task(SQLExecuteQueryOperator): schemas_creation>]","logger":"airflow.dag_processing.dagbag.BundleDagBag","filename":"dagbag.py","lineno":327}
{"timestamp":"2026-05-22T13:05:59.628555Z","level":"info","event":"Filling up the DagBag from /opt/airflow/dags/bronze_layer.py","logger":"airflow.dag_processing.dagbag.BundleDagBag","filename":"dagbag.py","lineno":469}
{"timestamp":"2026-05-22T13:05:59.665925Z","level":"error","event":"Failed to import: /opt/airflow/dags/bronze_layer.py","logger":"airflow.dag_processing.importers.python_importer","filename":"python_importer.py","lineno":244,"error_detail":[{"exc_type":"ValueError","exc_value":"Tried to create relationships between tasks that don't have Dags yet. Set the Dag for at least one task and try again: [<Task(_PythonDecoratedOperator): create_datawarehouse_db>, <Task(SQLExecuteQueryOperator): schemas_creation>]","exc_notes":[],"syntax_error":null,"is_cause":false,"frames":[{"filename":"/home/airflow/.local/lib/python3.13/site-packages/airflow/dag_processing/importers/python_importer.py","lineno":238,"name":"parse"},{"filename":"<frozen importlib._bootstrap_external>","lineno":1023,"name":"exec_module"},{"filename":"<frozen importlib._bootstrap>","lineno":488,"name":"_call_with_frames_removed"},{"filename":"/opt/airflow/dags/bronze_layer.py","lineno":174,"name":"<module>"},{"filename":"/opt/airflow/dags/bronze_layer.py","lineno":172,"name":"bronze_layer"},{"filename":"/home/airflow/.local/lib/python3.13/site-packages/airflow/sdk/definitions/_internal/mixins.py","lineno":99,"name":"__rshift__"},{"filename":"/home/airflow/.local/lib/python3.13/site-packages/airflow/sdk/definitions/xcom_arg.py","lineno":157,"name":"set_downstream"},{"filename":"/home/airflow/.local/lib/python3.13/site-packages/airflow/sdk/definitions/_internal/node.py","lineno":150,"name":"set_downstream"},{"filename":"/home/airflow/.local/lib/python3.13/site-packages/airflow/sdk/definitions/_internal/node.py","lineno":120,"name":"_set_relatives"}],"is_group":false,"exceptions":[]}]}
{"timestamp":"2026-05-22T13:05:59.669605Z","level":"error","event":"Error loading DAG from bronze_layer.py: Tried to create relationships between tasks that don't have Dags yet. Set the Dag for at least one task and try again: [<Task(_PythonDecoratedOperator): create_datawarehouse_db>, <Task(SQLExecuteQueryOperator): schemas_creation>]","logger":"airflow.dag_processing.dagbag.BundleDagBag","filename":"dagbag.py","lineno":327}
{"timestamp":"2026-05-22T13:06:24.180475Z","level":"info","event":"Filling up the DagBag from /opt/airflow/dags/bronze_layer.py","logger":"airflow.dag_processing.dagbag.BundleDagBag","filename":"dagbag.py","lineno":469}
{"timestamp":"2026-05-22T13:06:24.192201Z","level":"error","event":"Failed to import: /opt/airflow/dags/bronze_layer.py","logger":"airflow.dag_processing.importers.python_importer","filename":"python_importer.py","lineno":244,"error_detail":[{"exc_type":"IndentationError","exc_value":"expected an indented block after 'with' statement on line 28 (bronze_layer.py, line 29)","exc_notes":[],"syntax_error":{"offset":5,"filename":"/opt/airflow/dags/bronze_layer.py","line":"    return link.read().strip()\n","lineno":29,"msg":"expected an indented block after 'with' statement on line 28"},"is_cause":false,"frames":[{"filename":"/home/airflow/.local/lib/python3.13/site-packages/airflow/dag_processing/importers/python_importer.py","lineno":238,"name":"parse"},{"filename":"<frozen importlib._bootstrap_external>","lineno":1019,"name":"exec_module"},{"filename":"<frozen importlib._bootstrap_external>","lineno":1157,"name":"get_code"},{"filename":"<frozen importlib._bootstrap_external>","lineno":1087,"name":"source_to_code"},{"filename":"<frozen importlib._bootstrap>","lineno":488,"name":"_call_with_frames_removed"}],"is_group":false,"exceptions":[]}]}
{"timestamp":"2026-05-22T13:06:24.201664Z","level":"error","event":"Error loading DAG from bronze_layer.py: expected an indented block after 'with' statement on line 28 (bronze_layer.py, line 29)","logger":"airflow.dag_processing.dagbag.BundleDagBag","filename":"dagbag.py","lineno":327}
{"timestamp":"2026-05-22T13:06:29.515530Z","level":"info","event":"Filling up the DagBag from /opt/airflow/dags/bronze_layer.py","logger":"airflow.dag_processing.dagbag.BundleDagBag","filename":"dagbag.py","lineno":469}
{"timestamp":"2026-05-22T13:06:29.524294Z","level":"error","event":"Failed to import: /opt/airflow/dags/bronze_layer.py","logger":"airflow.dag_processing.importers.python_importer","filename":"python_importer.py","lineno":244,"error_detail":[{"exc_type":"IndentationError","exc_value":"expected an indented block after 'with' statement on line 28 (bronze_layer.py, line 29)","exc_notes":[],"syntax_error":{"offset":5,"filename":"/opt/airflow/dags/bronze_layer.py","line":"    return link.read().strip()\n","lineno":29,"msg":"expected an indented block after 'with' statement on line 28"},"is_cause":false,"frames":[{"filename":"/home/airflow/.local/lib/python3.13/site-packages/airflow/dag_processing/importers/python_importer.py","lineno":238,"name":"parse"},{"filename":"<frozen importlib._bootstrap_external>","lineno":1019,"name":"exec_module"},{"filename":"<frozen importlib._bootstrap_external>","lineno":1157,"name":"get_code"},{"filename":"<frozen importlib._bootstrap_external>","lineno":1087,"name":"source_to_code"},{"filename":"<frozen importlib._bootstrap>","lineno":488,"name":"_call_with_frames_removed"}],"is_group":false,"exceptions":[]}]}
{"timestamp":"2026-05-22T13:06:29.526795Z","level":"error","event":"Error loading DAG from bronze_layer.py: expected an indented block after 'with' statement on line 28 (bronze_layer.py, line 29)","logger":"airflow.dag_processing.dagbag.BundleDagBag","filename":"dagbag.py","lineno":327}
{"timestamp":"2026-05-22T13:07:00.246920Z","level":"info","event":"Filling up the DagBag from /opt/airflow/dags/bronze_layer.py","logger":"airflow.dag_processing.dagbag.BundleDagBag","filename":"dagbag.py","lineno":469}
{"timestamp":"2026-05-22T13:07:00.252268Z","level":"error","event":"Failed to import: /opt/airflow/dags/bronze_layer.py","logger":"airflow.dag_processing.importers.python_importer","filename":"python_importer.py","lineno":244,"error_detail":[{"exc_type":"IndentationError","exc_value":"expected an indented block after 'with' statement on line 28 (bronze_layer.py, line 29)","exc_notes":[],"syntax_error":{"offset":5,"filename":"/opt/airflow/dags/bronze_layer.py","line":"    return link.read().strip()\n","lineno":29,"msg":"expected an indented block after 'with' statement on line 28"},"is_cause":false,"frames":[{"filename":"/home/airflow/.local/lib/python3.13/site-packages/airflow/dag_processing/importers/python_importer.py","lineno":238,"name":"parse"},{"filename":"<frozen importlib._bootstrap_external>","lineno":1019,"name":"exec_module"},{"filename":"<frozen importlib._bootstrap_external>","lineno":1157,"name":"get_code"},{"filename":"<frozen importlib._bootstrap_external>","lineno":1087,"name":"source_to_code"},{"filename":"<frozen importlib._bootstrap>","lineno":488,"name":"_call_with_frames_removed"}],"is_group":false,"exceptions":[]}]}
{"timestamp":"2026-05-22T13:07:00.259984Z","level":"error","event":"Error loading DAG from bronze_layer.py: expected an indented block after 'with' statement on line 28 (bronze_layer.py, line 29)","logger":"airflow.dag_processing.dagbag.BundleDagBag","filename":"dagbag.py","lineno":327}
{"timestamp":"2026-05-22T13:07:15.533341Z","level":"info","event":"Filling up the DagBag from /opt/airflow/dags/bronze_layer.py","logger":"airflow.dag_processing.dagbag.BundleDagBag","filename":"dagbag.py","lineno":469}
{"timestamp":"2026-05-22T13:07:15.540049Z","level":"error","event":"Failed to import: /opt/airflow/dags/bronze_layer.py","logger":"airflow.dag_processing.importers.python_importer","filename":"python_importer.py","lineno":244,"error_detail":[{"exc_type":"IndentationError","exc_value":"expected an indented block after 'with' statement on line 28 (bronze_layer.py, line 29)","exc_notes":[],"syntax_error":{"offset":5,"filename":"/opt/airflow/dags/bronze_layer.py","line":"    return link.read().strip()\n","lineno":29,"msg":"expected an indented block after 'with' statement on line 28"},"is_cause":false,"frames":[{"filename":"/home/airflow/.local/lib/python3.13/site-packages/airflow/dag_processing/importers/python_importer.py","lineno":238,"name":"parse"},{"filename":"<frozen importlib._bootstrap_external>","lineno":1019,"name":"exec_module"},{"filename":"<frozen importlib._bootstrap_external>","lineno":1157,"name":"get_code"},{"filename":"<frozen importlib._bootstrap_external>","lineno":1087,"name":"source_to_code"},{"filename":"<frozen importlib._bootstrap>","lineno":488,"name":"_call_with_frames_removed"}],"is_group":false,"exceptions":[]}]}
{"timestamp":"2026-05-22T13:07:15.542816Z","level":"error","event":"Error loading DAG from bronze_layer.py: expected an indented block after 'with' statement on line 28 (bronze_layer.py, line 29)","logger":"airflow.dag_processing.dagbag.BundleDagBag","filename":"dagbag.py","lineno":327}
{"timestamp":"2026-05-22T13:07:38.262137Z","level":"info","event":"Filling up the DagBag from /opt/airflow/dags/bronze_layer.py","logger":"airflow.dag_processing.dagbag.BundleDagBag","filename":"dagbag.py","lineno":469}
{"timestamp":"2026-05-22T13:07:38.274830Z","level":"error","event":"Failed to import: /opt/airflow/dags/bronze_layer.py","logger":"airflow.dag_processing.importers.python_importer","filename":"python_importer.py","lineno":244,"error_detail":[{"exc_type":"IndentationError","exc_value":"expected an indented block after 'with' statement on line 28 (bronze_layer.py, line 29)","exc_notes":[],"syntax_error":{"offset":5,"filename":"/opt/airflow/dags/bronze_layer.py","line":"    return link.read().strip()\n","lineno":29,"msg":"expected an indented block after 'with' statement on line 28"},"is_cause":false,"frames":[{"filename":"/home/airflow/.local/lib/python3.13/site-packages/airflow/dag_processing/importers/python_importer.py","lineno":238,"name":"parse"},{"filename":"<frozen importlib._bootstrap_external>","lineno":1019,"name":"exec_module"},{"filename":"<frozen importlib._bootstrap_external>","lineno":1157,"name":"get_code"},{"filename":"<frozen importlib._bootstrap_external>","lineno":1087,"name":"source_to_code"},{"filename":"<frozen importlib._bootstrap>","lineno":488,"name":"_call_with_frames_removed"}],"is_group":false,"exceptions":[]}]}
{"timestamp":"2026-05-22T13:07:38.277536Z","level":"error","event":"Error loading DAG from bronze_layer.py: expected an indented block after 'with' statement on line 28 (bronze_layer.py, line 29)","logger":"airflow.dag_processing.dagbag.BundleDagBag","filename":"dagbag.py","lineno":327}
{"timestamp":"2026-05-22T13:07:40.994918Z","level":"info","event":"Filling up the DagBag from /opt/airflow/dags/bronze_layer.py","logger":"airflow.dag_processing.dagbag.BundleDagBag","filename":"dagbag.py","lineno":469}
{"timestamp":"2026-05-22T13:07:41.025894Z","level":"error","event":"Failed to import: /opt/airflow/dags/bronze_layer.py","logger":"airflow.dag_processing.importers.python_importer","filename":"python_importer.py","lineno":244,"error_detail":[{"exc_type":"IndentationError","exc_value":"expected an indented block after 'with' statement on line 28 (bronze_layer.py, line 29)","exc_notes":[],"syntax_error":{"offset":5,"filename":"/opt/airflow/dags/bronze_layer.py","line":"    return link.read().strip()\n","lineno":29,"msg":"expected an indented block after 'with' statement on line 28"},"is_cause":false,"frames":[{"filename":"/home/airflow/.local/lib/python3.13/site-packages/airflow/dag_processing/importers/python_importer.py","lineno":238,"name":"parse"},{"filename":"<frozen importlib._bootstrap_external>","lineno":1019,"name":"exec_module"},{"filename":"<frozen importlib._bootstrap_external>","lineno":1157,"name":"get_code"},{"filename":"<frozen importlib._bootstrap_external>","lineno":1087,"name":"source_to_code"},{"filename":"<frozen importlib._bootstrap>","lineno":488,"name":"_call_with_frames_removed"}],"is_group":false,"exceptions":[]}]}
{"timestamp":"2026-05-22T13:07:41.039398Z","level":"error","event":"Error loading DAG from bronze_layer.py: expected an indented block after 'with' statement on line 28 (bronze_layer.py, line 29)","logger":"airflow.dag_processing.dagbag.BundleDagBag","filename":"dagbag.py","lineno":327}
{"timestamp":"2026-05-22T13:07:52.366884Z","level":"info","event":"Filling up the DagBag from /opt/airflow/dags/bronze_layer.py","logger":"airflow.dag_processing.dagbag.BundleDagBag","filename":"dagbag.py","lineno":469}
{"timestamp":"2026-05-22T13:07:52.372370Z","level":"error","event":"Failed to import: /opt/airflow/dags/bronze_layer.py","logger":"airflow.dag_processing.importers.python_importer","filename":"python_importer.py","lineno":244,"error_detail":[{"exc_type":"IndentationError","exc_value":"expected an indented block after 'with' statement on line 28 (bronze_layer.py, line 29)","exc_notes":[],"syntax_error":{"offset":5,"filename":"/opt/airflow/dags/bronze_layer.py","line":"    return link.read().strip()\n","lineno":29,"msg":"expected an indented block after 'with' statement on line 28"},"is_cause":false,"frames":[{"filename":"/home/airflow/.local/lib/python3.13/site-packages/airflow/dag_processing/importers/python_importer.py","lineno":238,"name":"parse"},{"filename":"<frozen importlib._bootstrap_external>","lineno":1019,"name":"exec_module"},{"filename":"<frozen importlib._bootstrap_external>","lineno":1157,"name":"get_code"},{"filename":"<frozen importlib._bootstrap_external>","lineno":1087,"name":"source_to_code"},{"filename":"<frozen importlib._bootstrap>","lineno":488,"name":"_call_with_frames_removed"}],"is_group":false,"exceptions":[]}]}
{"timestamp":"2026-05-22T13:07:52.376615Z","level":"error","event":"Error loading DAG from bronze_layer.py: expected an indented block after 'with' statement on line 28 (bronze_layer.py, line 29)","logger":"airflow.dag_processing.dagbag.BundleDagBag","filename":"dagbag.py","lineno":327}
{"timestamp":"2026-05-22T13:08:24.687967Z","level":"info","event":"Filling up the DagBag from /opt/airflow/dags/bronze_layer.py","logger":"airflow.dag_processing.dagbag.BundleDagBag","filename":"dagbag.py","lineno":469}
{"timestamp":"2026-05-22T13:08:24.693122Z","level":"error","event":"Failed to import: /opt/airflow/dags/bronze_layer.py","logger":"airflow.dag_processing.importers.python_importer","filename":"python_importer.py","lineno":244,"error_detail":[{"exc_type":"IndentationError","exc_value":"expected an indented block after 'with' statement on line 28 (bronze_layer.py, line 29)","exc_notes":[],"syntax_error":{"offset":5,"filename":"/opt/airflow/dags/bronze_layer.py","line":"    return link.read().strip()\n","lineno":29,"msg":"expected an indented block after 'with' statement on line 28"},"is_cause":false,"frames":[{"filename":"/home/airflow/.local/lib/python3.13/site-packages/airflow/dag_processing/importers/python_importer.py","lineno":238,"name":"parse"},{"filename":"<frozen importlib._bootstrap_external>","lineno":1019,"name":"exec_module"},{"filename":"<frozen importlib._bootstrap_external>","lineno":1157,"name":"get_code"},{"filename":"<frozen importlib._bootstrap_external>","lineno":1087,"name":"source_to_code"},{"filename":"<frozen importlib._bootstrap>","lineno":488,"name":"_call_with_frames_removed"}],"is_group":false,"exceptions":[]}]}
{"timestamp":"2026-05-22T13:08:24.695609Z","level":"error","event":"Error loading DAG from bronze_layer.py: expected an indented block after 'with' statement on line 28 (bronze_layer.py, line 29)","logger":"airflow.dag_processing.dagbag.BundleDagBag","filename":"dagbag.py","lineno":327}
{"timestamp":"2026-05-22T13:08:41.582555Z","level":"info","event":"Filling up the DagBag from /opt/airflow/dags/bronze_layer.py","logger":"airflow.dag_processing.dagbag.BundleDagBag","filename":"dagbag.py","lineno":469}
{"timestamp":"2026-05-22T13:08:41.591767Z","level":"error","event":"Failed to import: /opt/airflow/dags/bronze_layer.py","logger":"airflow.dag_processing.importers.python_importer","filename":"python_importer.py","lineno":244,"error_detail":[{"exc_type":"IndentationError","exc_value":"expected an indented block after 'with' statement on line 28 (bronze_layer.py, line 29)","exc_notes":[],"syntax_error":{"offset":5,"filename":"/opt/airflow/dags/bronze_layer.py","line":"    return link.read().strip()\n","lineno":29,"msg":"expected an indented block after 'with' statement on line 28"},"is_cause":false,"frames":[{"filename":"/home/airflow/.local/lib/python3.13/site-packages/airflow/dag_processing/importers/python_importer.py","lineno":238,"name":"parse"},{"filename":"<frozen importlib._bootstrap_external>","lineno":1019,"name":"exec_module"},{"filename":"<frozen importlib._bootstrap_external>","lineno":1157,"name":"get_code"},{"filename":"<frozen importlib._bootstrap_external>","lineno":1087,"name":"source_to_code"},{"filename":"<frozen importlib._bootstrap>","lineno":488,"name":"_call_with_frames_removed"}],"is_group":false,"exceptions":[]}]}
{"timestamp":"2026-05-22T13:08:41.594514Z","level":"error","event":"Error loading DAG from bronze_layer.py: expected an indented block after 'with' statement on line 28 (bronze_layer.py, line 29)","logger":"airflow.dag_processing.dagbag.BundleDagBag","filename":"dagbag.py","lineno":327}
{"timestamp":"2026-05-22T13:08:45.317905Z","level":"info","event":"Filling up the DagBag from /opt/airflow/dags/bronze_layer.py","logger":"airflow.dag_processing.dagbag.BundleDagBag","filename":"dagbag.py","lineno":469}
{"timestamp":"2026-05-22T13:08:45.324931Z","level":"error","event":"Failed to import: /opt/airflow/dags/bronze_layer.py","logger":"airflow.dag_processing.importers.python_importer","filename":"python_importer.py","lineno":244,"error_detail":[{"exc_type":"IndentationError","exc_value":"expected an indented block after 'with' statement on line 28 (bronze_layer.py, line 29)","exc_notes":[],"syntax_error":{"offset":5,"filename":"/opt/airflow/dags/bronze_layer.py","line":"    return link.read().strip()\n","lineno":29,"msg":"expected an indented block after 'with' statement on line 28"},"is_cause":false,"frames":[{"filename":"/home/airflow/.local/lib/python3.13/site-packages/airflow/dag_processing/importers/python_importer.py","lineno":238,"name":"parse"},{"filename":"<frozen importlib._bootstrap_external>","lineno":1019,"name":"exec_module"},{"filename":"<frozen importlib._bootstrap_external>","lineno":1157,"name":"get_code"},{"filename":"<frozen importlib._bootstrap_external>","lineno":1087,"name":"source_to_code"},{"filename":"<frozen importlib._bootstrap>","lineno":488,"name":"_call_with_frames_removed"}],"is_group":false,"exceptions":[]}]}
{"timestamp":"2026-05-22T13:08:45.327513Z","level":"error","event":"Error loading DAG from bronze_layer.py: expected an indented block after 'with' statement on line 28 (bronze_layer.py, line 29)","logger":"airflow.dag_processing.dagbag.BundleDagBag","filename":"dagbag.py","lineno":327}
{"timestamp":"2026-05-22T13:09:16.585757Z","level":"info","event":"Filling up the DagBag from /opt/airflow/dags/bronze_layer.py","logger":"airflow.dag_processing.dagbag.BundleDagBag","filename":"dagbag.py","lineno":469}
{"timestamp":"2026-05-22T13:09:16.591058Z","level":"error","event":"Failed to import: /opt/airflow/dags/bronze_layer.py","logger":"airflow.dag_processing.importers.python_importer","filename":"python_importer.py","lineno":244,"error_detail":[{"exc_type":"IndentationError","exc_value":"expected an indented block after 'with' statement on line 28 (bronze_layer.py, line 29)","exc_notes":[],"syntax_error":{"offset":5,"filename":"/opt/airflow/dags/bronze_layer.py","line":"    return link.read().strip()\n","lineno":29,"msg":"expected an indented block after 'with' statement on line 28"},"is_cause":false,"frames":[{"filename":"/home/airflow/.local/lib/python3.13/site-packages/airflow/dag_processing/importers/python_importer.py","lineno":238,"name":"parse"},{"filename":"<frozen importlib._bootstrap_external>","lineno":1019,"name":"exec_module"},{"filename":"<frozen importlib._bootstrap_external>","lineno":1157,"name":"get_code"},{"filename":"<frozen importlib._bootstrap_external>","lineno":1087,"name":"source_to_code"},{"filename":"<frozen importlib._bootstrap>","lineno":488,"name":"_call_with_frames_removed"}],"is_group":false,"exceptions":[]}]}
{"timestamp":"2026-05-22T13:09:16.593429Z","level":"error","event":"Error loading DAG from bronze_layer.py: expected an indented block after 'with' statement on line 28 (bronze_layer.py, line 29)","logger":"airflow.dag_processing.dagbag.BundleDagBag","filename":"dagbag.py","lineno":327}
{"timestamp":"2026-05-22T13:09:46.911401Z","level":"info","event":"Filling up the DagBag from /opt/airflow/dags/bronze_layer.py","logger":"airflow.dag_processing.dagbag.BundleDagBag","filename":"dagbag.py","lineno":469}
{"timestamp":"2026-05-22T13:09:46.914957Z","level":"error","event":"Failed to import: /opt/airflow/dags/bronze_layer.py","logger":"airflow.dag_processing.importers.python_importer","filename":"python_importer.py","lineno":244,"error_detail":[{"exc_type":"IndentationError","exc_value":"expected an indented block after 'with' statement on line 28 (bronze_layer.py, line 29)","exc_notes":[],"syntax_error":{"offset":5,"filename":"/opt/airflow/dags/bronze_layer.py","line":"    return link.read().strip()\n","lineno":29,"msg":"expected an indented block after 'with' statement on line 28"},"is_cause":false,"frames":[{"filename":"/home/airflow/.local/lib/python3.13/site-packages/airflow/dag_processing/importers/python_importer.py","lineno":238,"name":"parse"},{"filename":"<frozen importlib._bootstrap_external>","lineno":1019,"name":"exec_module"},{"filename":"<frozen importlib._bootstrap_external>","lineno":1157,"name":"get_code"},{"filename":"<frozen importlib._bootstrap_external>","lineno":1087,"name":"source_to_code"},{"filename":"<frozen importlib._bootstrap>","lineno":488,"name":"_call_with_frames_removed"}],"is_group":false,"exceptions":[]}]}
{"timestamp":"2026-05-22T13:09:46.916669Z","level":"error","event":"Error loading DAG from bronze_layer.py: expected an indented block after 'with' statement on line 28 (bronze_layer.py, line 29)","logger":"airflow.dag_processing.dagbag.BundleDagBag","filename":"dagbag.py","lineno":327}
{"timestamp":"2026-05-22T13:10:18.286954Z","level":"info","event":"Filling up the DagBag from /opt/airflow/dags/bronze_layer.py","logger":"airflow.dag_processing.dagbag.BundleDagBag","filename":"dagbag.py","lineno":469}
{"timestamp":"2026-05-22T13:10:18.297828Z","level":"error","event":"Failed to import: /opt/airflow/dags/bronze_layer.py","logger":"airflow.dag_processing.importers.python_importer","filename":"python_importer.py","lineno":244,"error_detail":[{"exc_type":"IndentationError","exc_value":"expected an indented block after 'with' statement on line 28 (bronze_layer.py, line 29)","exc_notes":[],"syntax_error":{"offset":5,"filename":"/opt/airflow/dags/bronze_layer.py","line":"    return link.read().strip()\n","lineno":29,"msg":"expected an indented block after 'with' statement on line 28"},"is_cause":false,"frames":[{"filename":"/home/airflow/.local/lib/python3.13/site-packages/airflow/dag_processing/importers/python_importer.py","lineno":238,"name":"parse"},{"filename":"<frozen importlib._bootstrap_external>","lineno":1019,"name":"exec_module"},{"filename":"<frozen importlib._bootstrap_external>","lineno":1157,"name":"get_code"},{"filename":"<frozen importlib._bootstrap_external>","lineno":1087,"name":"source_to_code"},{"filename":"<frozen importlib._bootstrap>","lineno":488,"name":"_call_with_frames_removed"}],"is_group":false,"exceptions":[]}]}
{"timestamp":"2026-05-22T13:10:18.300388Z","level":"error","event":"Error loading DAG from bronze_layer.py: expected an indented block after 'with' statement on line 28 (bronze_layer.py, line 29)","logger":"airflow.dag_processing.dagbag.BundleDagBag","filename":"dagbag.py","lineno":327}
{"timestamp":"2026-05-22T13:10:49.718304Z","level":"info","event":"Filling up the DagBag from /opt/airflow/dags/bronze_layer.py","logger":"airflow.dag_processing.dagbag.BundleDagBag","filename":"dagbag.py","lineno":469}
{"timestamp":"2026-05-22T13:10:49.723377Z","level":"error","event":"Failed to import: /opt/airflow/dags/bronze_layer.py","logger":"airflow.dag_processing.importers.python_importer","filename":"python_importer.py","lineno":244,"error_detail":[{"exc_type":"IndentationError","exc_value":"expected an indented block after 'with' statement on line 28 (bronze_layer.py, line 29)","exc_notes":[],"syntax_error":{"offset":5,"filename":"/opt/airflow/dags/bronze_layer.py","line":"    return link.read().strip()\n","lineno":29,"msg":"expected an indented block after 'with' statement on line 28"},"is_cause":false,"frames":[{"filename":"/home/airflow/.local/lib/python3.13/site-packages/airflow/dag_processing/importers/python_importer.py","lineno":238,"name":"parse"},{"filename":"<frozen importlib._bootstrap_external>","lineno":1019,"name":"exec_module"},{"filename":"<frozen importlib._bootstrap_external>","lineno":1157,"name":"get_code"},{"filename":"<frozen importlib._bootstrap_external>","lineno":1087,"name":"source_to_code"},{"filename":"<frozen importlib._bootstrap>","lineno":488,"name":"_call_with_frames_removed"}],"is_group":false,"exceptions":[]}]}
{"timestamp":"2026-05-22T13:10:49.725246Z","level":"error","event":"Error loading DAG from bronze_layer.py: expected an indented block after 'with' statement on line 28 (bronze_layer.py, line 29)","logger":"airflow.dag_processing.dagbag.BundleDagBag","filename":"dagbag.py","lineno":327}
{"timestamp":"2026-05-22T13:11:20.016087Z","level":"info","event":"Filling up the DagBag from /opt/airflow/dags/bronze_layer.py","logger":"airflow.dag_processing.dagbag.BundleDagBag","filename":"dagbag.py","lineno":469}
{"timestamp":"2026-05-22T13:11:20.021933Z","level":"error","event":"Failed to import: /opt/airflow/dags/bronze_layer.py","logger":"airflow.dag_processing.importers.python_importer","filename":"python_importer.py","lineno":244,"error_detail":[{"exc_type":"IndentationError","exc_value":"expected an indented block after 'with' statement on line 28 (bronze_layer.py, line 29)","exc_notes":[],"syntax_error":{"offset":5,"filename":"/opt/airflow/dags/bronze_layer.py","line":"    return link.read().strip()\n","lineno":29,"msg":"expected an indented block after 'with' statement on line 28"},"is_cause":false,"frames":[{"filename":"/home/airflow/.local/lib/python3.13/site-packages/airflow/dag_processing/importers/python_importer.py","lineno":238,"name":"parse"},{"filename":"<frozen importlib._bootstrap_external>","lineno":1019,"name":"exec_module"},{"filename":"<frozen importlib._bootstrap_external>","lineno":1157,"name":"get_code"},{"filename":"<frozen importlib._bootstrap_external>","lineno":1087,"name":"source_to_code"},{"filename":"<frozen importlib._bootstrap>","lineno":488,"name":"_call_with_frames_removed"}],"is_group":false,"exceptions":[]}]}
{"timestamp":"2026-05-22T13:11:20.024220Z","level":"error","event":"Error loading DAG from bronze_layer.py: expected an indented block after 'with' statement on line 28 (bronze_layer.py, line 29)","logger":"airflow.dag_processing.dagbag.BundleDagBag","filename":"dagbag.py","lineno":327}
{"timestamp":"2026-05-22T13:11:50.333294Z","level":"info","event":"Filling up the DagBag from /opt/airflow/dags/bronze_layer.py","logger":"airflow.dag_processing.dagbag.BundleDagBag","filename":"dagbag.py","lineno":469}
{"timestamp":"2026-05-22T13:11:50.339955Z","level":"error","event":"Failed to import: /opt/airflow/dags/bronze_layer.py","logger":"airflow.dag_processing.importers.python_importer","filename":"python_importer.py","lineno":244,"error_detail":[{"exc_type":"IndentationError","exc_value":"expected an indented block after 'with' statement on line 28 (bronze_layer.py, line 29)","exc_notes":[],"syntax_error":{"offset":5,"filename":"/opt/airflow/dags/bronze_layer.py","line":"    return link.read().strip()\n","lineno":29,"msg":"expected an indented block after 'with' statement on line 28"},"is_cause":false,"frames":[{"filename":"/home/airflow/.local/lib/python3.13/site-packages/airflow/dag_processing/importers/python_importer.py","lineno":238,"name":"parse"},{"filename":"<frozen importlib._bootstrap_external>","lineno":1019,"name":"exec_module"},{"filename":"<frozen importlib._bootstrap_external>","lineno":1157,"name":"get_code"},{"filename":"<frozen importlib._bootstrap_external>","lineno":1087,"name":"source_to_code"},{"filename":"<frozen importlib._bootstrap>","lineno":488,"name":"_call_with_frames_removed"}],"is_group":false,"exceptions":[]}]}
{"timestamp":"2026-05-22T13:11:50.342611Z","level":"error","event":"Error loading DAG from bronze_layer.py: expected an indented block after 'with' statement on line 28 (bronze_layer.py, line 29)","logger":"airflow.dag_processing.dagbag.BundleDagBag","filename":"dagbag.py","lineno":327}
{"timestamp":"2026-05-22T13:12:21.824116Z","level":"info","event":"Filling up the DagBag from /opt/airflow/dags/bronze_layer.py","logger":"airflow.dag_processing.dagbag.BundleDagBag","filename":"dagbag.py","lineno":469}
{"timestamp":"2026-05-22T13:12:21.829434Z","level":"error","event":"Failed to import: /opt/airflow/dags/bronze_layer.py","logger":"airflow.dag_processing.importers.python_importer","filename":"python_importer.py","lineno":244,"error_detail":[{"exc_type":"IndentationError","exc_value":"expected an indented block after 'with' statement on line 28 (bronze_layer.py, line 29)","exc_notes":[],"syntax_error":{"offset":5,"filename":"/opt/airflow/dags/bronze_layer.py","line":"    return link.read().strip()\n","lineno":29,"msg":"expected an indented block after 'with' statement on line 28"},"is_cause":false,"frames":[{"filename":"/home/airflow/.local/lib/python3.13/site-packages/airflow/dag_processing/importers/python_importer.py","lineno":238,"name":"parse"},{"filename":"<frozen importlib._bootstrap_external>","lineno":1019,"name":"exec_module"},{"filename":"<frozen importlib._bootstrap_external>","lineno":1157,"name":"get_code"},{"filename":"<frozen importlib._bootstrap_external>","lineno":1087,"name":"source_to_code"},{"filename":"<frozen importlib._bootstrap>","lineno":488,"name":"_call_with_frames_removed"}],"is_group":false,"exceptions":[]}]}
{"timestamp":"2026-05-22T13:12:21.831691Z","level":"error","event":"Error loading DAG from bronze_layer.py: expected an indented block after 'with' statement on line 28 (bronze_layer.py, line 29)","logger":"airflow.dag_processing.dagbag.BundleDagBag","filename":"dagbag.py","lineno":327}
{"timestamp":"2026-05-22T13:12:31.087661Z","level":"info","event":"Filling up the DagBag from /opt/airflow/dags/bronze_layer.py","logger":"airflow.dag_processing.dagbag.BundleDagBag","filename":"dagbag.py","lineno":469}
{"timestamp":"2026-05-22T13:12:31.102470Z","level":"error","event":"Failed to import: /opt/airflow/dags/bronze_layer.py","logger":"airflow.dag_processing.importers.python_importer","filename":"python_importer.py","lineno":244,"error_detail":[{"exc_type":"IndentationError","exc_value":"expected an indented block after 'with' statement on line 28 (bronze_layer.py, line 29)","exc_notes":[],"syntax_error":{"offset":5,"filename":"/opt/airflow/dags/bronze_layer.py","line":"    return link.read().strip()\n","lineno":29,"msg":"expected an indented block after 'with' statement on line 28"},"is_cause":false,"frames":[{"filename":"/home/airflow/.local/lib/python3.13/site-packages/airflow/dag_processing/importers/python_importer.py","lineno":238,"name":"parse"},{"filename":"<frozen importlib._bootstrap_external>","lineno":1019,"name":"exec_module"},{"filename":"<frozen importlib._bootstrap_external>","lineno":1157,"name":"get_code"},{"filename":"<frozen importlib._bootstrap_external>","lineno":1087,"name":"source_to_code"},{"filename":"<frozen importlib._bootstrap>","lineno":488,"name":"_call_with_frames_removed"}],"is_group":false,"exceptions":[]}]}
{"timestamp":"2026-05-22T13:12:31.105374Z","level":"error","event":"Error loading DAG from bronze_layer.py: expected an indented block after 'with' statement on line 28 (bronze_layer.py, line 29)","logger":"airflow.dag_processing.dagbag.BundleDagBag","filename":"dagbag.py","lineno":327}
{"timestamp":"2026-05-22T13:12:46.328507Z","level":"info","event":"Filling up the DagBag from /opt/airflow/dags/bronze_layer.py","logger":"airflow.dag_processing.dagbag.BundleDagBag","filename":"dagbag.py","lineno":469}
{"timestamp":"2026-05-22T13:12:46.338655Z","level":"error","event":"Failed to import: /opt/airflow/dags/bronze_layer.py","logger":"airflow.dag_processing.importers.python_importer","filename":"python_importer.py","lineno":244,"error_detail":[{"exc_type":"IndentationError","exc_value":"expected an indented block after 'with' statement on line 28 (bronze_layer.py, line 29)","exc_notes":[],"syntax_error":{"offset":5,"filename":"/opt/airflow/dags/bronze_layer.py","line":"    return link.read().strip()\n","lineno":29,"msg":"expected an indented block after 'with' statement on line 28"},"is_cause":false,"frames":[{"filename":"/home/airflow/.local/lib/python3.13/site-packages/airflow/dag_processing/importers/python_importer.py","lineno":238,"name":"parse"},{"filename":"<frozen importlib._bootstrap_external>","lineno":1019,"name":"exec_module"},{"filename":"<frozen importlib._bootstrap_external>","lineno":1157,"name":"get_code"},{"filename":"<frozen importlib._bootstrap_external>","lineno":1087,"name":"source_to_code"},{"filename":"<frozen importlib._bootstrap>","lineno":488,"name":"_call_with_frames_removed"}],"is_group":false,"exceptions":[]}]}
{"timestamp":"2026-05-22T13:12:46.344684Z","level":"error","event":"Error loading DAG from bronze_layer.py: expected an indented block after 'with' statement on line 28 (bronze_layer.py, line 29)","logger":"airflow.dag_processing.dagbag.BundleDagBag","filename":"dagbag.py","lineno":327}
{"timestamp":"2026-05-22T13:12:49.078448Z","level":"info","event":"Filling up the DagBag from /opt/airflow/dags/bronze_layer.py","logger":"airflow.dag_processing.dagbag.BundleDagBag","filename":"dagbag.py","lineno":469}
{"timestamp":"2026-05-22T13:12:49.091688Z","level":"error","event":"Failed to import: /opt/airflow/dags/bronze_layer.py","logger":"airflow.dag_processing.importers.python_importer","filename":"python_importer.py","lineno":244,"error_detail":[{"exc_type":"IndentationError","exc_value":"expected an indented block after 'with' statement on line 28 (bronze_layer.py, line 29)","exc_notes":[],"syntax_error":{"offset":5,"filename":"/opt/airflow/dags/bronze_layer.py","line":"    return link.read().strip()\n","lineno":29,"msg":"expected an indented block after 'with' statement on line 28"},"is_cause":false,"frames":[{"filename":"/home/airflow/.local/lib/python3.13/site-packages/airflow/dag_processing/importers/python_importer.py","lineno":238,"name":"parse"},{"filename":"<frozen importlib._bootstrap_external>","lineno":1019,"name":"exec_module"},{"filename":"<frozen importlib._bootstrap_external>","lineno":1157,"name":"get_code"},{"filename":"<frozen importlib._bootstrap_external>","lineno":1087,"name":"source_to_code"},{"filename":"<frozen importlib._bootstrap>","lineno":488,"name":"_call_with_frames_removed"}],"is_group":false,"exceptions":[]}]}
{"timestamp":"2026-05-22T13:12:49.094109Z","level":"error","event":"Error loading DAG from bronze_layer.py: expected an indented block after 'with' statement on line 28 (bronze_layer.py, line 29)","logger":"airflow.dag_processing.dagbag.BundleDagBag","filename":"dagbag.py","lineno":327}
{"timestamp":"2026-05-22T13:12:55.532454Z","level":"info","event":"Filling up the DagBag from /opt/airflow/dags/bronze_layer.py","logger":"airflow.dag_processing.dagbag.BundleDagBag","filename":"dagbag.py","lineno":469}
{"timestamp":"2026-05-22T13:12:55.553754Z","level":"error","event":"Failed to import: /opt/airflow/dags/bronze_layer.py","logger":"airflow.dag_processing.importers.python_importer","filename":"python_importer.py","lineno":244,"error_detail":[{"exc_type":"IndentationError","exc_value":"expected an indented block after 'with' statement on line 28 (bronze_layer.py, line 29)","exc_notes":[],"syntax_error":{"offset":5,"filename":"/opt/airflow/dags/bronze_layer.py","line":"    return link.read().strip()\n","lineno":29,"msg":"expected an indented block after 'with' statement on line 28"},"is_cause":false,"frames":[{"filename":"/home/airflow/.local/lib/python3.13/site-packages/airflow/dag_processing/importers/python_importer.py","lineno":238,"name":"parse"},{"filename":"<frozen importlib._bootstrap_external>","lineno":1019,"name":"exec_module"},{"filename":"<frozen importlib._bootstrap_external>","lineno":1157,"name":"get_code"},{"filename":"<frozen importlib._bootstrap_external>","lineno":1087,"name":"source_to_code"},{"filename":"<frozen importlib._bootstrap>","lineno":488,"name":"_call_with_frames_removed"}],"is_group":false,"exceptions":[]}]}
{"timestamp":"2026-05-22T13:12:55.578933Z","level":"error","event":"Error loading DAG from bronze_layer.py: expected an indented block after 'with' statement on line 28 (bronze_layer.py, line 29)","logger":"airflow.dag_processing.dagbag.BundleDagBag","filename":"dagbag.py","lineno":327}
{"timestamp":"2026-05-22T13:13:09.149625Z","level":"info","event":"Filling up the DagBag from /opt/airflow/dags/bronze_layer.py","logger":"airflow.dag_processing.dagbag.BundleDagBag","filename":"dagbag.py","lineno":469}
{"timestamp":"2026-05-22T13:13:09.154036Z","level":"error","event":"Failed to import: /opt/airflow/dags/bronze_layer.py","logger":"airflow.dag_processing.importers.python_importer","filename":"python_importer.py","lineno":244,"error_detail":[{"exc_type":"IndentationError","exc_value":"expected an indented block after 'with' statement on line 28 (bronze_layer.py, line 29)","exc_notes":[],"syntax_error":{"offset":5,"filename":"/opt/airflow/dags/bronze_layer.py","line":"    return link.read().strip()\n","lineno":29,"msg":"expected an indented block after 'with' statement on line 28"},"is_cause":false,"frames":[{"filename":"/home/airflow/.local/lib/python3.13/site-packages/airflow/dag_processing/importers/python_importer.py","lineno":238,"name":"parse"},{"filename":"<frozen importlib._bootstrap_external>","lineno":1019,"name":"exec_module"},{"filename":"<frozen importlib._bootstrap_external>","lineno":1157,"name":"get_code"},{"filename":"<frozen importlib._bootstrap_external>","lineno":1087,"name":"source_to_code"},{"filename":"<frozen importlib._bootstrap>","lineno":488,"name":"_call_with_frames_removed"}],"is_group":false,"exceptions":[]}]}
{"timestamp":"2026-05-22T13:13:09.156330Z","level":"error","event":"Error loading DAG from bronze_layer.py: expected an indented block after 'with' statement on line 28 (bronze_layer.py, line 29)","logger":"airflow.dag_processing.dagbag.BundleDagBag","filename":"dagbag.py","lineno":327}
{"timestamp":"2026-05-22T13:13:17.416357Z","level":"info","event":"Filling up the DagBag from /opt/airflow/dags/bronze_layer.py","logger":"airflow.dag_processing.dagbag.BundleDagBag","filename":"dagbag.py","lineno":469}
{"timestamp":"2026-05-22T13:13:17.422050Z","level":"error","event":"Failed to import: /opt/airflow/dags/bronze_layer.py","logger":"airflow.dag_processing.importers.python_importer","filename":"python_importer.py","lineno":244,"error_detail":[{"exc_type":"IndentationError","exc_value":"expected an indented block after 'with' statement on line 28 (bronze_layer.py, line 29)","exc_notes":[],"syntax_error":{"offset":5,"filename":"/opt/airflow/dags/bronze_layer.py","line":"    return link.read().strip()\n","lineno":29,"msg":"expected an indented block after 'with' statement on line 28"},"is_cause":false,"frames":[{"filename":"/home/airflow/.local/lib/python3.13/site-packages/airflow/dag_processing/importers/python_importer.py","lineno":238,"name":"parse"},{"filename":"<frozen importlib._bootstrap_external>","lineno":1019,"name":"exec_module"},{"filename":"<frozen importlib._bootstrap_external>","lineno":1157,"name":"get_code"},{"filename":"<frozen importlib._bootstrap_external>","lineno":1087,"name":"source_to_code"},{"filename":"<frozen importlib._bootstrap>","lineno":488,"name":"_call_with_frames_removed"}],"is_group":false,"exceptions":[]}]}
{"timestamp":"2026-05-22T13:13:17.430748Z","level":"error","event":"Error loading DAG from bronze_layer.py: expected an indented block after 'with' statement on line 28 (bronze_layer.py, line 29)","logger":"airflow.dag_processing.dagbag.BundleDagBag","filename":"dagbag.py","lineno":327}
{"timestamp":"2026-05-22T13:13:31.081758Z","level":"info","event":"Filling up the DagBag from /opt/airflow/dags/bronze_layer.py","logger":"airflow.dag_processing.dagbag.BundleDagBag","filename":"dagbag.py","lineno":469}
{"timestamp":"2026-05-22T13:13:31.089453Z","level":"error","event":"Failed to import: /opt/airflow/dags/bronze_layer.py","logger":"airflow.dag_processing.importers.python_importer","filename":"python_importer.py","lineno":244,"error_detail":[{"exc_type":"IndentationError","exc_value":"expected an indented block after 'with' statement on line 28 (bronze_layer.py, line 29)","exc_notes":[],"syntax_error":{"offset":5,"filename":"/opt/airflow/dags/bronze_layer.py","line":"    return link.read().strip()\n","lineno":29,"msg":"expected an indented block after 'with' statement on line 28"},"is_cause":false,"frames":[{"filename":"/home/airflow/.local/lib/python3.13/site-packages/airflow/dag_processing/importers/python_importer.py","lineno":238,"name":"parse"},{"filename":"<frozen importlib._bootstrap_external>","lineno":1019,"name":"exec_module"},{"filename":"<frozen importlib._bootstrap_external>","lineno":1157,"name":"get_code"},{"filename":"<frozen importlib._bootstrap_external>","lineno":1087,"name":"source_to_code"},{"filename":"<frozen importlib._bootstrap>","lineno":488,"name":"_call_with_frames_removed"}],"is_group":false,"exceptions":[]}]}
{"timestamp":"2026-05-22T13:13:31.092005Z","level":"error","event":"Error loading DAG from bronze_layer.py: expected an indented block after 'with' statement on line 28 (bronze_layer.py, line 29)","logger":"airflow.dag_processing.dagbag.BundleDagBag","filename":"dagbag.py","lineno":327}
{"timestamp":"2026-05-22T13:14:01.305882Z","level":"info","event":"Filling up the DagBag from /opt/airflow/dags/bronze_layer.py","logger":"airflow.dag_processing.dagbag.BundleDagBag","filename":"dagbag.py","lineno":469}
{"timestamp":"2026-05-22T13:14:01.311244Z","level":"error","event":"Failed to import: /opt/airflow/dags/bronze_layer.py","logger":"airflow.dag_processing.importers.python_importer","filename":"python_importer.py","lineno":244,"error_detail":[{"exc_type":"IndentationError","exc_value":"expected an indented block after 'with' statement on line 28 (bronze_layer.py, line 29)","exc_notes":[],"syntax_error":{"offset":5,"filename":"/opt/airflow/dags/bronze_layer.py","line":"    return link.read().strip()\n","lineno":29,"msg":"expected an indented block after 'with' statement on line 28"},"is_cause":false,"frames":[{"filename":"/home/airflow/.local/lib/python3.13/site-packages/airflow/dag_processing/importers/python_importer.py","lineno":238,"name":"parse"},{"filename":"<frozen importlib._bootstrap_external>","lineno":1019,"name":"exec_module"},{"filename":"<frozen importlib._bootstrap_external>","lineno":1157,"name":"get_code"},{"filename":"<frozen importlib._bootstrap_external>","lineno":1087,"name":"source_to_code"},{"filename":"<frozen importlib._bootstrap>","lineno":488,"name":"_call_with_frames_removed"}],"is_group":false,"exceptions":[]}]}
{"timestamp":"2026-05-22T13:14:01.313895Z","level":"error","event":"Error loading DAG from bronze_layer.py: expected an indented block after 'with' statement on line 28 (bronze_layer.py, line 29)","logger":"airflow.dag_processing.dagbag.BundleDagBag","filename":"dagbag.py","lineno":327}
{"timestamp":"2026-05-22T13:14:08.773211Z","level":"info","event":"Filling up the DagBag from /opt/airflow/dags/bronze_layer.py","logger":"airflow.dag_processing.dagbag.BundleDagBag","filename":"dagbag.py","lineno":469}
{"timestamp":"2026-05-22T13:14:08.781615Z","level":"error","event":"Failed to import: /opt/airflow/dags/bronze_layer.py","logger":"airflow.dag_processing.importers.python_importer","filename":"python_importer.py","lineno":244,"error_detail":[{"exc_type":"IndentationError","exc_value":"expected an indented block after 'with' statement on line 28 (bronze_layer.py, line 29)","exc_notes":[],"syntax_error":{"offset":5,"filename":"/opt/airflow/dags/bronze_layer.py","line":"    return link.read().strip()\n","lineno":29,"msg":"expected an indented block after 'with' statement on line 28"},"is_cause":false,"frames":[{"filename":"/home/airflow/.local/lib/python3.13/site-packages/airflow/dag_processing/importers/python_importer.py","lineno":238,"name":"parse"},{"filename":"<frozen importlib._bootstrap_external>","lineno":1019,"name":"exec_module"},{"filename":"<frozen importlib._bootstrap_external>","lineno":1157,"name":"get_code"},{"filename":"<frozen importlib._bootstrap_external>","lineno":1087,"name":"source_to_code"},{"filename":"<frozen importlib._bootstrap>","lineno":488,"name":"_call_with_frames_removed"}],"is_group":false,"exceptions":[]}]}
{"timestamp":"2026-05-22T13:14:08.791667Z","level":"error","event":"Error loading DAG from bronze_layer.py: expected an indented block after 'with' statement on line 28 (bronze_layer.py, line 29)","logger":"airflow.dag_processing.dagbag.BundleDagBag","filename":"dagbag.py","lineno":327}
{"timestamp":"2026-05-22T13:14:40.169610Z","level":"info","event":"Filling up the DagBag from /opt/airflow/dags/bronze_layer.py","logger":"airflow.dag_processing.dagbag.BundleDagBag","filename":"dagbag.py","lineno":469}
{"timestamp":"2026-05-22T13:14:40.177024Z","level":"error","event":"Failed to import: /opt/airflow/dags/bronze_layer.py","logger":"airflow.dag_processing.importers.python_importer","filename":"python_importer.py","lineno":244,"error_detail":[{"exc_type":"IndentationError","exc_value":"expected an indented block after 'with' statement on line 28 (bronze_layer.py, line 29)","exc_notes":[],"syntax_error":{"offset":5,"filename":"/opt/airflow/dags/bronze_layer.py","line":"    return link.read().strip()\n","lineno":29,"msg":"expected an indented block after 'with' statement on line 28"},"is_cause":false,"frames":[{"filename":"/home/airflow/.local/lib/python3.13/site-packages/airflow/dag_processing/importers/python_importer.py","lineno":238,"name":"parse"},{"filename":"<frozen importlib._bootstrap_external>","lineno":1019,"name":"exec_module"},{"filename":"<frozen importlib._bootstrap_external>","lineno":1157,"name":"get_code"},{"filename":"<frozen importlib._bootstrap_external>","lineno":1087,"name":"source_to_code"},{"filename":"<frozen importlib._bootstrap>","lineno":488,"name":"_call_with_frames_removed"}],"is_group":false,"exceptions":[]}]}
{"timestamp":"2026-05-22T13:14:40.179555Z","level":"error","event":"Error loading DAG from bronze_layer.py: expected an indented block after 'with' statement on line 28 (bronze_layer.py, line 29)","logger":"airflow.dag_processing.dagbag.BundleDagBag","filename":"dagbag.py","lineno":327}
{"timestamp":"2026-05-22T13:15:11.060117Z","level":"info","event":"Filling up the DagBag from /opt/airflow/dags/bronze_layer.py","logger":"airflow.dag_processing.dagbag.BundleDagBag","filename":"dagbag.py","lineno":469}
{"timestamp":"2026-05-22T13:15:11.065249Z","level":"error","event":"Failed to import: /opt/airflow/dags/bronze_layer.py","logger":"airflow.dag_processing.importers.python_importer","filename":"python_importer.py","lineno":244,"error_detail":[{"exc_type":"IndentationError","exc_value":"expected an indented block after 'with' statement on line 28 (bronze_layer.py, line 29)","exc_notes":[],"syntax_error":{"offset":5,"filename":"/opt/airflow/dags/bronze_layer.py","line":"    return link.read().strip()\n","lineno":29,"msg":"expected an indented block after 'with' statement on line 28"},"is_cause":false,"frames":[{"filename":"/home/airflow/.local/lib/python3.13/site-packages/airflow/dag_processing/importers/python_importer.py","lineno":238,"name":"parse"},{"filename":"<frozen importlib._bootstrap_external>","lineno":1019,"name":"exec_module"},{"filename":"<frozen importlib._bootstrap_external>","lineno":1157,"name":"get_code"},{"filename":"<frozen importlib._bootstrap_external>","lineno":1087,"name":"source_to_code"},{"filename":"<frozen importlib._bootstrap>","lineno":488,"name":"_call_with_frames_removed"}],"is_group":false,"exceptions":[]}]}
{"timestamp":"2026-05-22T13:15:11.068259Z","level":"error","event":"Error loading DAG from bronze_layer.py: expected an indented block after 'with' statement on line 28 (bronze_layer.py, line 29)","logger":"airflow.dag_processing.dagbag.BundleDagBag","filename":"dagbag.py","lineno":327}
{"timestamp":"2026-05-22T13:15:41.459094Z","level":"info","event":"Filling up the DagBag from /opt/airflow/dags/bronze_layer.py","logger":"airflow.dag_processing.dagbag.BundleDagBag","filename":"dagbag.py","lineno":469}
{"timestamp":"2026-05-22T13:15:41.468978Z","level":"error","event":"Failed to import: /opt/airflow/dags/bronze_layer.py","logger":"airflow.dag_processing.importers.python_importer","filename":"python_importer.py","lineno":244,"error_detail":[{"exc_type":"IndentationError","exc_value":"expected an indented block after 'with' statement on line 28 (bronze_layer.py, line 29)","exc_notes":[],"syntax_error":{"offset":5,"filename":"/opt/airflow/dags/bronze_layer.py","line":"    return link.read().strip()\n","lineno":29,"msg":"expected an indented block after 'with' statement on line 28"},"is_cause":false,"frames":[{"filename":"/home/airflow/.local/lib/python3.13/site-packages/airflow/dag_processing/importers/python_importer.py","lineno":238,"name":"parse"},{"filename":"<frozen importlib._bootstrap_external>","lineno":1019,"name":"exec_module"},{"filename":"<frozen importlib._bootstrap_external>","lineno":1157,"name":"get_code"},{"filename":"<frozen importlib._bootstrap_external>","lineno":1087,"name":"source_to_code"},{"filename":"<frozen importlib._bootstrap>","lineno":488,"name":"_call_with_frames_removed"}],"is_group":false,"exceptions":[]}]}
{"timestamp":"2026-05-22T13:15:41.475866Z","level":"error","event":"Error loading DAG from bronze_layer.py: expected an indented block after 'with' statement on line 28 (bronze_layer.py, line 29)","logger":"airflow.dag_processing.dagbag.BundleDagBag","filename":"dagbag.py","lineno":327}
{"timestamp":"2026-05-22T13:15:43.036496Z","level":"info","event":"Filling up the DagBag from /opt/airflow/dags/bronze_layer.py","logger":"airflow.dag_processing.dagbag.BundleDagBag","filename":"dagbag.py","lineno":469}
{"timestamp":"2026-05-22T13:15:43.041673Z","level":"error","event":"Failed to import: /opt/airflow/dags/bronze_layer.py","logger":"airflow.dag_processing.importers.python_importer","filename":"python_importer.py","lineno":244,"error_detail":[{"exc_type":"IndentationError","exc_value":"expected an indented block after 'with' statement on line 28 (bronze_layer.py, line 29)","exc_notes":[],"syntax_error":{"offset":5,"filename":"/opt/airflow/dags/bronze_layer.py","line":"    return link.read().strip()\n","lineno":29,"msg":"expected an indented block after 'with' statement on line 28"},"is_cause":false,"frames":[{"filename":"/home/airflow/.local/lib/python3.13/site-packages/airflow/dag_processing/importers/python_importer.py","lineno":238,"name":"parse"},{"filename":"<frozen importlib._bootstrap_external>","lineno":1019,"name":"exec_module"},{"filename":"<frozen importlib._bootstrap_external>","lineno":1157,"name":"get_code"},{"filename":"<frozen importlib._bootstrap_external>","lineno":1087,"name":"source_to_code"},{"filename":"<frozen importlib._bootstrap>","lineno":488,"name":"_call_with_frames_removed"}],"is_group":false,"exceptions":[]}]}
{"timestamp":"2026-05-22T13:15:43.044371Z","level":"error","event":"Error loading DAG from bronze_layer.py: expected an indented block after 'with' statement on line 28 (bronze_layer.py, line 29)","logger":"airflow.dag_processing.dagbag.BundleDagBag","filename":"dagbag.py","lineno":327}
{"timestamp":"2026-05-22T13:15:56.397080Z","level":"info","event":"Filling up the DagBag from /opt/airflow/dags/bronze_layer.py","logger":"airflow.dag_processing.dagbag.BundleDagBag","filename":"dagbag.py","lineno":469}
{"timestamp":"2026-05-22T13:15:56.404374Z","level":"error","event":"Failed to import: /opt/airflow/dags/bronze_layer.py","logger":"airflow.dag_processing.importers.python_importer","filename":"python_importer.py","lineno":244,"error_detail":[{"exc_type":"IndentationError","exc_value":"expected an indented block after 'with' statement on line 28 (bronze_layer.py, line 29)","exc_notes":[],"syntax_error":{"offset":5,"filename":"/opt/airflow/dags/bronze_layer.py","line":"    return link.read().strip()\n","lineno":29,"msg":"expected an indented block after 'with' statement on line 28"},"is_cause":false,"frames":[{"filename":"/home/airflow/.local/lib/python3.13/site-packages/airflow/dag_processing/importers/python_importer.py","lineno":238,"name":"parse"},{"filename":"<frozen importlib._bootstrap_external>","lineno":1019,"name":"exec_module"},{"filename":"<frozen importlib._bootstrap_external>","lineno":1157,"name":"get_code"},{"filename":"<frozen importlib._bootstrap_external>","lineno":1087,"name":"source_to_code"},{"filename":"<frozen importlib._bootstrap>","lineno":488,"name":"_call_with_frames_removed"}],"is_group":false,"exceptions":[]}]}
{"timestamp":"2026-05-22T13:15:56.419211Z","level":"error","event":"Error loading DAG from bronze_layer.py: expected an indented block after 'with' statement on line 28 (bronze_layer.py, line 29)","logger":"airflow.dag_processing.dagbag.BundleDagBag","filename":"dagbag.py","lineno":327}
{"timestamp":"2026-05-22T13:15:59.890968Z","level":"info","event":"Filling up the DagBag from /opt/airflow/dags/bronze_layer.py","logger":"airflow.dag_processing.dagbag.BundleDagBag","filename":"dagbag.py","lineno":469}
{"timestamp":"2026-05-22T13:15:59.897659Z","level":"error","event":"Failed to import: /opt/airflow/dags/bronze_layer.py","logger":"airflow.dag_processing.importers.python_importer","filename":"python_importer.py","lineno":244,"error_detail":[{"exc_type":"IndentationError","exc_value":"expected an indented block after 'with' statement on line 28 (bronze_layer.py, line 29)","exc_notes":[],"syntax_error":{"offset":5,"filename":"/opt/airflow/dags/bronze_layer.py","line":"    return link.read().strip()\n","lineno":29,"msg":"expected an indented block after 'with' statement on line 28"},"is_cause":false,"frames":[{"filename":"/home/airflow/.local/lib/python3.13/site-packages/airflow/dag_processing/importers/python_importer.py","lineno":238,"name":"parse"},{"filename":"<frozen importlib._bootstrap_external>","lineno":1019,"name":"exec_module"},{"filename":"<frozen importlib._bootstrap_external>","lineno":1157,"name":"get_code"},{"filename":"<frozen importlib._bootstrap_external>","lineno":1087,"name":"source_to_code"},{"filename":"<frozen importlib._bootstrap>","lineno":488,"name":"_call_with_frames_removed"}],"is_group":false,"exceptions":[]}]}
{"timestamp":"2026-05-22T13:15:59.899850Z","level":"error","event":"Error loading DAG from bronze_layer.py: expected an indented block after 'with' statement on line 28 (bronze_layer.py, line 29)","logger":"airflow.dag_processing.dagbag.BundleDagBag","filename":"dagbag.py","lineno":327}
{"timestamp":"2026-05-22T13:16:31.719661Z","level":"info","event":"Filling up the DagBag from /opt/airflow/dags/bronze_layer.py","logger":"airflow.dag_processing.dagbag.BundleDagBag","filename":"dagbag.py","lineno":469}
{"timestamp":"2026-05-22T13:16:31.726827Z","level":"error","event":"Failed to import: /opt/airflow/dags/bronze_layer.py","logger":"airflow.dag_processing.importers.python_importer","filename":"python_importer.py","lineno":244,"error_detail":[{"exc_type":"IndentationError","exc_value":"expected an indented block after 'with' statement on line 28 (bronze_layer.py, line 29)","exc_notes":[],"syntax_error":{"offset":5,"filename":"/opt/airflow/dags/bronze_layer.py","line":"    return link.read().strip()\n","lineno":29,"msg":"expected an indented block after 'with' statement on line 28"},"is_cause":false,"frames":[{"filename":"/home/airflow/.local/lib/python3.13/site-packages/airflow/dag_processing/importers/python_importer.py","lineno":238,"name":"parse"},{"filename":"<frozen importlib._bootstrap_external>","lineno":1019,"name":"exec_module"},{"filename":"<frozen importlib._bootstrap_external>","lineno":1157,"name":"get_code"},{"filename":"<frozen importlib._bootstrap_external>","lineno":1087,"name":"source_to_code"},{"filename":"<frozen importlib._bootstrap>","lineno":488,"name":"_call_with_frames_removed"}],"is_group":false,"exceptions":[]}]}
{"timestamp":"2026-05-22T13:16:31.733552Z","level":"error","event":"Error loading DAG from bronze_layer.py: expected an indented block after 'with' statement on line 28 (bronze_layer.py, line 29)","logger":"airflow.dag_processing.dagbag.BundleDagBag","filename":"dagbag.py","lineno":327}
{"timestamp":"2026-05-22T13:17:02.332884Z","level":"info","event":"Filling up the DagBag from /opt/airflow/dags/bronze_layer.py","logger":"airflow.dag_processing.dagbag.BundleDagBag","filename":"dagbag.py","lineno":469}
{"timestamp":"2026-05-22T13:17:02.337915Z","level":"error","event":"Failed to import: /opt/airflow/dags/bronze_layer.py","logger":"airflow.dag_processing.importers.python_importer","filename":"python_importer.py","lineno":244,"error_detail":[{"exc_type":"IndentationError","exc_value":"expected an indented block after 'with' statement on line 28 (bronze_layer.py, line 29)","exc_notes":[],"syntax_error":{"offset":5,"filename":"/opt/airflow/dags/bronze_layer.py","line":"    return link.read().strip()\n","lineno":29,"msg":"expected an indented block after 'with' statement on line 28"},"is_cause":false,"frames":[{"filename":"/home/airflow/.local/lib/python3.13/site-packages/airflow/dag_processing/importers/python_importer.py","lineno":238,"name":"parse"},{"filename":"<frozen importlib._bootstrap_external>","lineno":1019,"name":"exec_module"},{"filename":"<frozen importlib._bootstrap_external>","lineno":1157,"name":"get_code"},{"filename":"<frozen importlib._bootstrap_external>","lineno":1087,"name":"source_to_code"},{"filename":"<frozen importlib._bootstrap>","lineno":488,"name":"_call_with_frames_removed"}],"is_group":false,"exceptions":[]}]}
{"timestamp":"2026-05-22T13:17:02.340313Z","level":"error","event":"Error loading DAG from bronze_layer.py: expected an indented block after 'with' statement on line 28 (bronze_layer.py, line 29)","logger":"airflow.dag_processing.dagbag.BundleDagBag","filename":"dagbag.py","lineno":327}
{"timestamp":"2026-05-22T13:17:32.674827Z","level":"info","event":"Filling up the DagBag from /opt/airflow/dags/bronze_layer.py","logger":"airflow.dag_processing.dagbag.BundleDagBag","filename":"dagbag.py","lineno":469}
{"timestamp":"2026-05-22T13:17:32.680322Z","level":"error","event":"Failed to import: /opt/airflow/dags/bronze_layer.py","logger":"airflow.dag_processing.importers.python_importer","filename":"python_importer.py","lineno":244,"error_detail":[{"exc_type":"IndentationError","exc_value":"expected an indented block after 'with' statement on line 28 (bronze_layer.py, line 29)","exc_notes":[],"syntax_error":{"offset":5,"filename":"/opt/airflow/dags/bronze_layer.py","line":"    return link.read().strip()\n","lineno":29,"msg":"expected an indented block after 'with' statement on line 28"},"is_cause":false,"frames":[{"filename":"/home/airflow/.local/lib/python3.13/site-packages/airflow/dag_processing/importers/python_importer.py","lineno":238,"name":"parse"},{"filename":"<frozen importlib._bootstrap_external>","lineno":1019,"name":"exec_module"},{"filename":"<frozen importlib._bootstrap_external>","lineno":1157,"name":"get_code"},{"filename":"<frozen importlib._bootstrap_external>","lineno":1087,"name":"source_to_code"},{"filename":"<frozen importlib._bootstrap>","lineno":488,"name":"_call_with_frames_removed"}],"is_group":false,"exceptions":[]}]}
{"timestamp":"2026-05-22T13:17:32.682618Z","level":"error","event":"Error loading DAG from bronze_layer.py: expected an indented block after 'with' statement on line 28 (bronze_layer.py, line 29)","logger":"airflow.dag_processing.dagbag.BundleDagBag","filename":"dagbag.py","lineno":327}
{"timestamp":"2026-05-22T13:18:03.463199Z","level":"info","event":"Filling up the DagBag from /opt/airflow/dags/bronze_layer.py","logger":"airflow.dag_processing.dagbag.BundleDagBag","filename":"dagbag.py","lineno":469}
{"timestamp":"2026-05-22T13:18:03.469190Z","level":"error","event":"Failed to import: /opt/airflow/dags/bronze_layer.py","logger":"airflow.dag_processing.importers.python_importer","filename":"python_importer.py","lineno":244,"error_detail":[{"exc_type":"IndentationError","exc_value":"expected an indented block after 'with' statement on line 28 (bronze_layer.py, line 29)","exc_notes":[],"syntax_error":{"offset":5,"filename":"/opt/airflow/dags/bronze_layer.py","line":"    return link.read().strip()\n","lineno":29,"msg":"expected an indented block after 'with' statement on line 28"},"is_cause":false,"frames":[{"filename":"/home/airflow/.local/lib/python3.13/site-packages/airflow/dag_processing/importers/python_importer.py","lineno":238,"name":"parse"},{"filename":"<frozen importlib._bootstrap_external>","lineno":1019,"name":"exec_module"},{"filename":"<frozen importlib._bootstrap_external>","lineno":1157,"name":"get_code"},{"filename":"<frozen importlib._bootstrap_external>","lineno":1087,"name":"source_to_code"},{"filename":"<frozen importlib._bootstrap>","lineno":488,"name":"_call_with_frames_removed"}],"is_group":false,"exceptions":[]}]}
{"timestamp":"2026-05-22T13:18:03.471430Z","level":"error","event":"Error loading DAG from bronze_layer.py: expected an indented block after 'with' statement on line 28 (bronze_layer.py, line 29)","logger":"airflow.dag_processing.dagbag.BundleDagBag","filename":"dagbag.py","lineno":327}
{"timestamp":"2026-05-22T13:18:34.026149Z","level":"info","event":"Filling up the DagBag from /opt/airflow/dags/bronze_layer.py","logger":"airflow.dag_processing.dagbag.BundleDagBag","filename":"dagbag.py","lineno":469}
{"timestamp":"2026-05-22T13:18:34.030944Z","level":"error","event":"Failed to import: /opt/airflow/dags/bronze_layer.py","logger":"airflow.dag_processing.importers.python_importer","filename":"python_importer.py","lineno":244,"error_detail":[{"exc_type":"IndentationError","exc_value":"expected an indented block after 'with' statement on line 28 (bronze_layer.py, line 29)","exc_notes":[],"syntax_error":{"offset":5,"filename":"/opt/airflow/dags/bronze_layer.py","line":"    return link.read().strip()\n","lineno":29,"msg":"expected an indented block after 'with' statement on line 28"},"is_cause":false,"frames":[{"filename":"/home/airflow/.local/lib/python3.13/site-packages/airflow/dag_processing/importers/python_importer.py","lineno":238,"name":"parse"},{"filename":"<frozen importlib._bootstrap_external>","lineno":1019,"name":"exec_module"},{"filename":"<frozen importlib._bootstrap_external>","lineno":1157,"name":"get_code"},{"filename":"<frozen importlib._bootstrap_external>","lineno":1087,"name":"source_to_code"},{"filename":"<frozen importlib._bootstrap>","lineno":488,"name":"_call_with_frames_removed"}],"is_group":false,"exceptions":[]}]}
{"timestamp":"2026-05-22T13:18:34.033173Z","level":"error","event":"Error loading DAG from bronze_layer.py: expected an indented block after 'with' statement on line 28 (bronze_layer.py, line 29)","logger":"airflow.dag_processing.dagbag.BundleDagBag","filename":"dagbag.py","lineno":327}
{"timestamp":"2026-05-22T13:18:55.594887Z","level":"info","event":"Filling up the DagBag from /opt/airflow/dags/bronze_layer.py","logger":"airflow.dag_processing.dagbag.BundleDagBag","filename":"dagbag.py","lineno":469}
{"timestamp":"2026-05-22T13:18:55.633015Z","level":"error","event":"Failed to import: /opt/airflow/dags/bronze_layer.py","logger":"airflow.dag_processing.importers.python_importer","filename":"python_importer.py","lineno":244,"error_detail":[{"exc_type":"ValueError","exc_value":"Tried to create relationships between tasks that don't have Dags yet. Set the Dag for at least one task and try again: [<Task(_PythonDecoratedOperator): create_datawarehouse_db>, <Task(SQLExecuteQueryOperator): schemas_creation>]","exc_notes":[],"syntax_error":null,"is_cause":false,"frames":[{"filename":"/home/airflow/.local/lib/python3.13/site-packages/airflow/dag_processing/importers/python_importer.py","lineno":238,"name":"parse"},{"filename":"<frozen importlib._bootstrap_external>","lineno":1023,"name":"exec_module"},{"filename":"<frozen importlib._bootstrap>","lineno":488,"name":"_call_with_frames_removed"},{"filename":"/opt/airflow/dags/bronze_layer.py","lineno":177,"name":"<module>"},{"filename":"/opt/airflow/dags/bronze_layer.py","lineno":175,"name":"bronze_layer"},{"filename":"/home/airflow/.local/lib/python3.13/site-packages/airflow/sdk/definitions/_internal/mixins.py","lineno":99,"name":"__rshift__"},{"filename":"/home/airflow/.local/lib/python3.13/site-packages/airflow/sdk/definitions/xcom_arg.py","lineno":157,"name":"set_downstream"},{"filename":"/home/airflow/.local/lib/python3.13/site-packages/airflow/sdk/definitions/_internal/node.py","lineno":150,"name":"set_downstream"},{"filename":"/home/airflow/.local/lib/python3.13/site-packages/airflow/sdk/definitions/_internal/node.py","lineno":120,"name":"_set_relatives"}],"is_group":false,"exceptions":[]}]}
{"timestamp":"2026-05-22T13:18:55.638667Z","level":"error","event":"Error loading DAG from bronze_layer.py: Tried to create relationships between tasks that don't have Dags yet. Set the Dag for at least one task and try again: [<Task(_PythonDecoratedOperator): create_datawarehouse_db>, <Task(SQLExecuteQueryOperator): schemas_creation>]","logger":"airflow.dag_processing.dagbag.BundleDagBag","filename":"dagbag.py","lineno":327}
{"timestamp":"2026-05-22T13:19:31.072663Z","level":"info","event":"Filling up the DagBag from /opt/airflow/dags/bronze_layer.py","logger":"airflow.dag_processing.dagbag.BundleDagBag","filename":"dagbag.py","lineno":469}
{"timestamp":"2026-05-22T13:19:31.101333Z","level":"error","event":"Failed to import: /opt/airflow/dags/bronze_layer.py","logger":"airflow.dag_processing.importers.python_importer","filename":"python_importer.py","lineno":244,"error_detail":[{"exc_type":"ValueError","exc_value":"Tried to create relationships between tasks that don't have Dags yet. Set the Dag for at least one task and try again: [<Task(_PythonDecoratedOperator): create_datawarehouse_db>, <Task(SQLExecuteQueryOperator): schemas_creation>]","exc_notes":[],"syntax_error":null,"is_cause":false,"frames":[{"filename":"/home/airflow/.local/lib/python3.13/site-packages/airflow/dag_processing/importers/python_importer.py","lineno":238,"name":"parse"},{"filename":"<frozen importlib._bootstrap_external>","lineno":1023,"name":"exec_module"},{"filename":"<frozen importlib._bootstrap>","lineno":488,"name":"_call_with_frames_removed"},{"filename":"/opt/airflow/dags/bronze_layer.py","lineno":177,"name":"<module>"},{"filename":"/opt/airflow/dags/bronze_layer.py","lineno":175,"name":"bronze_layer"},{"filename":"/home/airflow/.local/lib/python3.13/site-packages/airflow/sdk/definitions/_internal/mixins.py","lineno":99,"name":"__rshift__"},{"filename":"/home/airflow/.local/lib/python3.13/site-packages/airflow/sdk/definitions/xcom_arg.py","lineno":157,"name":"set_downstream"},{"filename":"/home/airflow/.local/lib/python3.13/site-packages/airflow/sdk/definitions/_internal/node.py","lineno":150,"name":"set_downstream"},{"filename":"/home/airflow/.local/lib/python3.13/site-packages/airflow/sdk/definitions/_internal/node.py","lineno":120,"name":"_set_relatives"}],"is_group":false,"exceptions":[]}]}
{"timestamp":"2026-05-22T13:19:31.105277Z","level":"error","event":"Error loading DAG from bronze_layer.py: Tried to create relationships between tasks that don't have Dags yet. Set the Dag for at least one task and try again: [<Task(_PythonDecoratedOperator): create_datawarehouse_db>, <Task(SQLExecuteQueryOperator): schemas_creation>]","logger":"airflow.dag_processing.dagbag.BundleDagBag","filename":"dagbag.py","lineno":327}
{"timestamp":"2026-05-22T13:19:38.235083Z","level":"info","event":"Filling up the DagBag from /opt/airflow/dags/bronze_layer.py","logger":"airflow.dag_processing.dagbag.BundleDagBag","filename":"dagbag.py","lineno":469}
{"timestamp":"2026-05-22T13:20:02.417609Z","level":"info","event":"Filling up the DagBag from /opt/airflow/dags/bronze_layer.py","logger":"airflow.dag_processing.dagbag.BundleDagBag","filename":"dagbag.py","lineno":469}
{"timestamp":"2026-05-22T13:20:11.474521Z","level":"info","event":"Filling up the DagBag from /opt/airflow/dags/bronze_layer.py","logger":"airflow.dag_processing.dagbag.BundleDagBag","filename":"dagbag.py","lineno":469}
{"timestamp":"2026-05-22T13:20:11.557161Z","level":"error","event":"Failed to import: /opt/airflow/dags/bronze_layer.py","logger":"airflow.dag_processing.importers.python_importer","filename":"python_importer.py","lineno":244,"error_detail":[{"exc_type":"TypeError","exc_value":"missing a required argument: 'url'","exc_notes":[],"syntax_error":null,"is_cause":false,"frames":[{"filename":"/home/airflow/.local/lib/python3.13/site-packages/airflow/dag_processing/importers/python_importer.py","lineno":238,"name":"parse"},{"filename":"<frozen importlib._bootstrap_external>","lineno":1023,"name":"exec_module"},{"filename":"<frozen importlib._bootstrap>","lineno":488,"name":"_call_with_frames_removed"},{"filename":"/opt/airflow/dags/bronze_layer.py","lineno":171,"name":"<module>"},{"filename":"/home/airflow/.local/lib/python3.13/site-packages/airflow/sdk/definitions/dag.py","lineno":1629,"name":"factory"},{"filename":"/opt/airflow/dags/bronze_layer.py","lineno":169,"name":"bronze_layer"},{"filename":"/home/airflow/.local/lib/python3.13/site-packages/airflow/sdk/bases/decorator.py","lineno":517,"name":"__call__"},{"filename":"/home/airflow/.local/lib/python3.13/site-packages/airflow/sdk/bases/operator.py","lineno":548,"name":"apply_defaults"},{"filename":"/home/airflow/.local/lib/python3.13/site-packages/airflow/providers/standard/decorators/python.py","lineno":53,"name":"__init__"},{"filename":"/home/airflow/.local/lib/python3.13/site-packages/airflow/sdk/bases/operator.py","lineno":548,"name":"apply_defaults"},{"filename":"/home/airflow/.local/lib/python3.13/site-packages/airflow/sdk/bases/decorator.py","lineno":371,"name":"__init__"},{"filename":"/usr/python/lib/python3.13/inspect.py","lineno":3309,"name":"bind"},{"filename":"/usr/python/lib/python3.13/inspect.py","lineno":3222,"name":"_bind"}],"is_group":false,"exceptions":[]}]}
{"timestamp":"2026-05-22T13:20:11.575407Z","level":"error","event":"Error loading DAG from bronze_layer.py: missing a required argument: 'url'","logger":"airflow.dag_processing.dagbag.BundleDagBag","filename":"dagbag.py","lineno":327}
{"timestamp":"2026-05-22T13:20:41.848635Z","level":"info","event":"Filling up the DagBag from /opt/airflow/dags/bronze_layer.py","logger":"airflow.dag_processing.dagbag.BundleDagBag","filename":"dagbag.py","lineno":469}
{"timestamp":"2026-05-22T13:20:41.875710Z","level":"error","event":"Failed to import: /opt/airflow/dags/bronze_layer.py","logger":"airflow.dag_processing.importers.python_importer","filename":"python_importer.py","lineno":244,"error_detail":[{"exc_type":"TypeError","exc_value":"missing a required argument: 'url'","exc_notes":[],"syntax_error":null,"is_cause":false,"frames":[{"filename":"/home/airflow/.local/lib/python3.13/site-packages/airflow/dag_processing/importers/python_importer.py","lineno":238,"name":"parse"},{"filename":"<frozen importlib._bootstrap_external>","lineno":1023,"name":"exec_module"},{"filename":"<frozen importlib._bootstrap>","lineno":488,"name":"_call_with_frames_removed"},{"filename":"/opt/airflow/dags/bronze_layer.py","lineno":171,"name":"<module>"},{"filename":"/home/airflow/.local/lib/python3.13/site-packages/airflow/sdk/definitions/dag.py","lineno":1629,"name":"factory"},{"filename":"/opt/airflow/dags/bronze_layer.py","lineno":169,"name":"bronze_layer"},{"filename":"/home/airflow/.local/lib/python3.13/site-packages/airflow/sdk/bases/decorator.py","lineno":517,"name":"__call__"},{"filename":"/home/airflow/.local/lib/python3.13/site-packages/airflow/sdk/bases/operator.py","lineno":548,"name":"apply_defaults"},{"filename":"/home/airflow/.local/lib/python3.13/site-packages/airflow/providers/standard/decorators/python.py","lineno":53,"name":"__init__"},{"filename":"/home/airflow/.local/lib/python3.13/site-packages/airflow/sdk/bases/operator.py","lineno":548,"name":"apply_defaults"},{"filename":"/home/airflow/.local/lib/python3.13/site-packages/airflow/sdk/bases/decorator.py","lineno":371,"name":"__init__"},{"filename":"/usr/python/lib/python3.13/inspect.py","lineno":3309,"name":"bind"},{"filename":"/usr/python/lib/python3.13/inspect.py","lineno":3222,"name":"_bind"}],"is_group":false,"exceptions":[]}]}
{"timestamp":"2026-05-22T13:20:41.879414Z","level":"error","event":"Error loading DAG from bronze_layer.py: missing a required argument: 'url'","logger":"airflow.dag_processing.dagbag.BundleDagBag","filename":"dagbag.py","lineno":327}
{"timestamp":"2026-05-22T13:21:12.439637Z","level":"info","event":"Filling up the DagBag from /opt/airflow/dags/bronze_layer.py","logger":"airflow.dag_processing.dagbag.BundleDagBag","filename":"dagbag.py","lineno":469}
{"timestamp":"2026-05-22T13:21:12.556401Z","level":"error","event":"Failed to import: /opt/airflow/dags/bronze_layer.py","logger":"airflow.dag_processing.importers.python_importer","filename":"python_importer.py","lineno":244,"error_detail":[{"exc_type":"TypeError","exc_value":"missing a required argument: 'url'","exc_notes":[],"syntax_error":null,"is_cause":false,"frames":[{"filename":"/home/airflow/.local/lib/python3.13/site-packages/airflow/dag_processing/importers/python_importer.py","lineno":238,"name":"parse"},{"filename":"<frozen importlib._bootstrap_external>","lineno":1023,"name":"exec_module"},{"filename":"<frozen importlib._bootstrap>","lineno":488,"name":"_call_with_frames_removed"},{"filename":"/opt/airflow/dags/bronze_layer.py","lineno":171,"name":"<module>"},{"filename":"/home/airflow/.local/lib/python3.13/site-packages/airflow/sdk/definitions/dag.py","lineno":1629,"name":"factory"},{"filename":"/opt/airflow/dags/bronze_layer.py","lineno":169,"name":"bronze_layer"},{"filename":"/home/airflow/.local/lib/python3.13/site-packages/airflow/sdk/bases/decorator.py","lineno":517,"name":"__call__"},{"filename":"/home/airflow/.local/lib/python3.13/site-packages/airflow/sdk/bases/operator.py","lineno":548,"name":"apply_defaults"},{"filename":"/home/airflow/.local/lib/python3.13/site-packages/airflow/providers/standard/decorators/python.py","lineno":53,"name":"__init__"},{"filename":"/home/airflow/.local/lib/python3.13/site-packages/airflow/sdk/bases/operator.py","lineno":548,"name":"apply_defaults"},{"filename":"/home/airflow/.local/lib/python3.13/site-packages/airflow/sdk/bases/decorator.py","lineno":371,"name":"__init__"},{"filename":"/usr/python/lib/python3.13/inspect.py","lineno":3309,"name":"bind"},{"filename":"/usr/python/lib/python3.13/inspect.py","lineno":3222,"name":"_bind"}],"is_group":false,"exceptions":[]}]}
{"timestamp":"2026-05-22T13:21:12.563224Z","level":"error","event":"Error loading DAG from bronze_layer.py: missing a required argument: 'url'","logger":"airflow.dag_processing.dagbag.BundleDagBag","filename":"dagbag.py","lineno":327}
{"timestamp":"2026-05-22T13:21:34.321824Z","level":"info","event":"Filling up the DagBag from /opt/airflow/dags/bronze_layer.py","logger":"airflow.dag_processing.dagbag.BundleDagBag","filename":"dagbag.py","lineno":469}
{"timestamp":"2026-05-22T13:22:05.785543Z","level":"info","event":"Filling up the DagBag from /opt/airflow/dags/bronze_layer.py","logger":"airflow.dag_processing.dagbag.BundleDagBag","filename":"dagbag.py","lineno":469}
{"timestamp":"2026-05-22T13:22:09.023235Z","level":"info","event":"Filling up the DagBag from /opt/airflow/dags/bronze_layer.py","logger":"airflow.dag_processing.dagbag.BundleDagBag","filename":"dagbag.py","lineno":469}
{"timestamp":"2026-05-22T13:22:09.050388Z","level":"error","event":"Failed to import: /opt/airflow/dags/bronze_layer.py","logger":"airflow.dag_processing.importers.python_importer","filename":"python_importer.py","lineno":244,"error_detail":[{"exc_type":"TypeError","exc_value":"missing a required argument: 'url'","exc_notes":[],"syntax_error":null,"is_cause":false,"frames":[{"filename":"/home/airflow/.local/lib/python3.13/site-packages/airflow/dag_processing/importers/python_importer.py","lineno":238,"name":"parse"},{"filename":"<frozen importlib._bootstrap_external>","lineno":1023,"name":"exec_module"},{"filename":"<frozen importlib._bootstrap>","lineno":488,"name":"_call_with_frames_removed"},{"filename":"/opt/airflow/dags/bronze_layer.py","lineno":171,"name":"<module>"},{"filename":"/home/airflow/.local/lib/python3.13/site-packages/airflow/sdk/definitions/dag.py","lineno":1629,"name":"factory"},{"filename":"/opt/airflow/dags/bronze_layer.py","lineno":169,"name":"bronze_layer"},{"filename":"/home/airflow/.local/lib/python3.13/site-packages/airflow/sdk/bases/decorator.py","lineno":517,"name":"__call__"},{"filename":"/home/airflow/.local/lib/python3.13/site-packages/airflow/sdk/bases/operator.py","lineno":548,"name":"apply_defaults"},{"filename":"/home/airflow/.local/lib/python3.13/site-packages/airflow/providers/standard/decorators/python.py","lineno":53,"name":"__init__"},{"filename":"/home/airflow/.local/lib/python3.13/site-packages/airflow/sdk/bases/operator.py","lineno":548,"name":"apply_defaults"},{"filename":"/home/airflow/.local/lib/python3.13/site-packages/airflow/sdk/bases/decorator.py","lineno":371,"name":"__init__"},{"filename":"/usr/python/lib/python3.13/inspect.py","lineno":3309,"name":"bind"},{"filename":"/usr/python/lib/python3.13/inspect.py","lineno":3222,"name":"_bind"}],"is_group":false,"exceptions":[]}]}
{"timestamp":"2026-05-22T13:22:09.056771Z","level":"error","event":"Error loading DAG from bronze_layer.py: missing a required argument: 'url'","logger":"airflow.dag_processing.dagbag.BundleDagBag","filename":"dagbag.py","lineno":327}
{"timestamp":"2026-05-22T13:22:26.437286Z","level":"info","event":"Filling up the DagBag from /opt/airflow/dags/bronze_layer.py","logger":"airflow.dag_processing.dagbag.BundleDagBag","filename":"dagbag.py","lineno":469}
{"timestamp":"2026-05-22T13:22:57.726762Z","level":"info","event":"Filling up the DagBag from /opt/airflow/dags/bronze_layer.py","logger":"airflow.dag_processing.dagbag.BundleDagBag","filename":"dagbag.py","lineno":469}
{"timestamp":"2026-05-22T13:23:00.554045Z","level":"info","event":"Filling up the DagBag from /opt/airflow/dags/bronze_layer.py","logger":"airflow.dag_processing.dagbag.BundleDagBag","filename":"dagbag.py","lineno":469}
{"timestamp":"2026-05-22T13:23:34.228396Z","level":"info","event":"Filling up the DagBag from /opt/airflow/dags/bronze_layer.py","logger":"airflow.dag_processing.dagbag.BundleDagBag","filename":"dagbag.py","lineno":469}
{"timestamp":"2026-05-22T13:24:37.105610Z","level":"info","event":"Filling up the DagBag from /opt/airflow/dags/bronze_layer.py","logger":"airflow.dag_processing.dagbag.BundleDagBag","filename":"dagbag.py","lineno":469}
{"timestamp":"2026-05-22T13:25:08.470254Z","level":"info","event":"Filling up the DagBag from /opt/airflow/dags/bronze_layer.py","logger":"airflow.dag_processing.dagbag.BundleDagBag","filename":"dagbag.py","lineno":469}
{"timestamp":"2026-05-22T13:25:41.670876Z","level":"info","event":"Filling up the DagBag from /opt/airflow/dags/bronze_layer.py","logger":"airflow.dag_processing.dagbag.BundleDagBag","filename":"dagbag.py","lineno":469}
{"timestamp":"2026-05-22T13:26:12.978048Z","level":"info","event":"Filling up the DagBag from /opt/airflow/dags/bronze_layer.py","logger":"airflow.dag_processing.dagbag.BundleDagBag","filename":"dagbag.py","lineno":469}
{"timestamp":"2026-05-22T13:26:44.379058Z","level":"info","event":"Filling up the DagBag from /opt/airflow/dags/bronze_layer.py","logger":"airflow.dag_processing.dagbag.BundleDagBag","filename":"dagbag.py","lineno":469}
{"timestamp":"2026-05-22T13:27:23.996011Z","level":"info","event":"Filling up the DagBag from /opt/airflow/dags/bronze_layer.py","logger":"airflow.dag_processing.dagbag.BundleDagBag","filename":"dagbag.py","lineno":469}
{"timestamp":"2026-05-22T13:27:55.681024Z","level":"info","event":"Filling up the DagBag from /opt/airflow/dags/bronze_layer.py","logger":"airflow.dag_processing.dagbag.BundleDagBag","filename":"dagbag.py","lineno":469}
{"timestamp":"2026-05-22T13:28:29.444042Z","level":"info","event":"Filling up the DagBag from /opt/airflow/dags/bronze_layer.py","logger":"airflow.dag_processing.dagbag.BundleDagBag","filename":"dagbag.py","lineno":469}
{"timestamp":"2026-05-22T13:29:00.592556Z","level":"info","event":"Filling up the DagBag from /opt/airflow/dags/bronze_layer.py","logger":"airflow.dag_processing.dagbag.BundleDagBag","filename":"dagbag.py","lineno":469}
{"timestamp":"2026-05-22T13:29:35.803920Z","level":"info","event":"Filling up the DagBag from /opt/airflow/dags/bronze_layer.py","logger":"airflow.dag_processing.dagbag.BundleDagBag","filename":"dagbag.py","lineno":469}
{"timestamp":"2026-05-22T13:30:06.096205Z","level":"info","event":"Filling up the DagBag from /opt/airflow/dags/bronze_layer.py","logger":"airflow.dag_processing.dagbag.BundleDagBag","filename":"dagbag.py","lineno":469}
{"timestamp":"2026-05-22T13:30:50.180823Z","level":"info","event":"Filling up the DagBag from /opt/airflow/dags/bronze_layer.py","logger":"airflow.dag_processing.dagbag.BundleDagBag","filename":"dagbag.py","lineno":469}
{"timestamp":"2026-05-22T13:31:15.741078Z","level":"info","event":"Filling up the DagBag from /opt/airflow/dags/bronze_layer.py","logger":"airflow.dag_processing.dagbag.BundleDagBag","filename":"dagbag.py","lineno":469}
{"timestamp":"2026-05-22T13:31:15.755979Z","level":"error","event":"Failed to import: /opt/airflow/dags/bronze_layer.py","logger":"airflow.dag_processing.importers.python_importer","filename":"python_importer.py","lineno":244,"error_detail":[{"exc_type":"IndentationError","exc_value":"unexpected indent (bronze_layer.py, line 29)","exc_notes":[],"syntax_error":{"offset":8,"filename":"/opt/airflow/dags/bronze_layer.py","line":"        response.raise_for_status()\n","lineno":29,"msg":"unexpected indent"},"is_cause":false,"frames":[{"filename":"/home/airflow/.local/lib/python3.13/site-packages/airflow/dag_processing/importers/python_importer.py","lineno":238,"name":"parse"},{"filename":"<frozen importlib._bootstrap_external>","lineno":1019,"name":"exec_module"},{"filename":"<frozen importlib._bootstrap_external>","lineno":1157,"name":"get_code"},{"filename":"<frozen importlib._bootstrap_external>","lineno":1087,"name":"source_to_code"},{"filename":"<frozen importlib._bootstrap>","lineno":488,"name":"_call_with_frames_removed"}],"is_group":false,"exceptions":[]}]}
{"timestamp":"2026-05-22T13:31:15.760031Z","level":"error","event":"Error loading DAG from bronze_layer.py: unexpected indent (bronze_layer.py, line 29)","logger":"airflow.dag_processing.dagbag.BundleDagBag","filename":"dagbag.py","lineno":327}
{"timestamp":"2026-05-22T13:31:26.757247Z","level":"info","event":"Filling up the DagBag from /opt/airflow/dags/bronze_layer.py","logger":"airflow.dag_processing.dagbag.BundleDagBag","filename":"dagbag.py","lineno":469}
{"timestamp":"2026-05-22T13:31:26.771939Z","level":"error","event":"Failed to import: /opt/airflow/dags/bronze_layer.py","logger":"airflow.dag_processing.importers.python_importer","filename":"python_importer.py","lineno":244,"error_detail":[{"exc_type":"IndentationError","exc_value":"unexpected indent (bronze_layer.py, line 29)","exc_notes":[],"syntax_error":{"offset":8,"filename":"/opt/airflow/dags/bronze_layer.py","line":"        response.raise_for_status()\n","lineno":29,"msg":"unexpected indent"},"is_cause":false,"frames":[{"filename":"/home/airflow/.local/lib/python3.13/site-packages/airflow/dag_processing/importers/python_importer.py","lineno":238,"name":"parse"},{"filename":"<frozen importlib._bootstrap_external>","lineno":1019,"name":"exec_module"},{"filename":"<frozen importlib._bootstrap_external>","lineno":1157,"name":"get_code"},{"filename":"<frozen importlib._bootstrap_external>","lineno":1087,"name":"source_to_code"},{"filename":"<frozen importlib._bootstrap>","lineno":488,"name":"_call_with_frames_removed"}],"is_group":false,"exceptions":[]}]}
{"timestamp":"2026-05-22T13:31:26.774727Z","level":"error","event":"Error loading DAG from bronze_layer.py: unexpected indent (bronze_layer.py, line 29)","logger":"airflow.dag_processing.dagbag.BundleDagBag","filename":"dagbag.py","lineno":327}
{"timestamp":"2026-05-22T13:31:48.225490Z","level":"info","event":"Filling up the DagBag from /opt/airflow/dags/bronze_layer.py","logger":"airflow.dag_processing.dagbag.BundleDagBag","filename":"dagbag.py","lineno":469}
{"timestamp":"2026-05-22T13:31:48.257804Z","level":"error","event":"Failed to import: /opt/airflow/dags/bronze_layer.py","logger":"airflow.dag_processing.importers.python_importer","filename":"python_importer.py","lineno":244,"error_detail":[{"exc_type":"SyntaxError","exc_value":"expected ':' (bronze_layer.py, line 27)","exc_notes":[],"syntax_error":{"offset":27,"filename":"/opt/airflow/dags/bronze_layer.py","line":"def _get_csv_uls(base_url)\n","lineno":27,"msg":"expected ':'"},"is_cause":false,"frames":[{"filename":"/home/airflow/.local/lib/python3.13/site-packages/airflow/dag_processing/importers/python_importer.py","lineno":238,"name":"parse"},{"filename":"<frozen importlib._bootstrap_external>","lineno":1019,"name":"exec_module"},{"filename":"<frozen importlib._bootstrap_external>","lineno":1157,"name":"get_code"},{"filename":"<frozen importlib._bootstrap_external>","lineno":1087,"name":"source_to_code"},{"filename":"<frozen importlib._bootstrap>","lineno":488,"name":"_call_with_frames_removed"}],"is_group":false,"exceptions":[]}]}
{"timestamp":"2026-05-22T13:31:48.273050Z","level":"error","event":"Error loading DAG from bronze_layer.py: expected ':' (bronze_layer.py, line 27)","logger":"airflow.dag_processing.dagbag.BundleDagBag","filename":"dagbag.py","lineno":327}
{"timestamp":"2026-05-22T13:32:20.692594Z","level":"info","event":"Filling up the DagBag from /opt/airflow/dags/bronze_layer.py","logger":"airflow.dag_processing.dagbag.BundleDagBag","filename":"dagbag.py","lineno":469}
{"timestamp":"2026-05-22T13:32:20.701746Z","level":"error","event":"Failed to import: /opt/airflow/dags/bronze_layer.py","logger":"airflow.dag_processing.importers.python_importer","filename":"python_importer.py","lineno":244,"error_detail":[{"exc_type":"SyntaxError","exc_value":"expected ':' (bronze_layer.py, line 27)","exc_notes":[],"syntax_error":{"offset":27,"filename":"/opt/airflow/dags/bronze_layer.py","line":"def _get_csv_uls(base_url)\n","lineno":27,"msg":"expected ':'"},"is_cause":false,"frames":[{"filename":"/home/airflow/.local/lib/python3.13/site-packages/airflow/dag_processing/importers/python_importer.py","lineno":238,"name":"parse"},{"filename":"<frozen importlib._bootstrap_external>","lineno":1019,"name":"exec_module"},{"filename":"<frozen importlib._bootstrap_external>","lineno":1157,"name":"get_code"},{"filename":"<frozen importlib._bootstrap_external>","lineno":1087,"name":"source_to_code"},{"filename":"<frozen importlib._bootstrap>","lineno":488,"name":"_call_with_frames_removed"}],"is_group":false,"exceptions":[]}]}
{"timestamp":"2026-05-22T13:32:20.707820Z","level":"error","event":"Error loading DAG from bronze_layer.py: expected ':' (bronze_layer.py, line 27)","logger":"airflow.dag_processing.dagbag.BundleDagBag","filename":"dagbag.py","lineno":327}
{"timestamp":"2026-05-22T13:32:32.644852Z","level":"info","event":"Filling up the DagBag from /opt/airflow/dags/bronze_layer.py","logger":"airflow.dag_processing.dagbag.BundleDagBag","filename":"dagbag.py","lineno":469}
{"timestamp":"2026-05-22T13:32:32.655610Z","level":"error","event":"Failed to import: /opt/airflow/dags/bronze_layer.py","logger":"airflow.dag_processing.importers.python_importer","filename":"python_importer.py","lineno":244,"error_detail":[{"exc_type":"SyntaxError","exc_value":"expected ':' (bronze_layer.py, line 27)","exc_notes":[],"syntax_error":{"offset":27,"filename":"/opt/airflow/dags/bronze_layer.py","line":"def _get_csv_uls(base_url)\n","lineno":27,"msg":"expected ':'"},"is_cause":false,"frames":[{"filename":"/home/airflow/.local/lib/python3.13/site-packages/airflow/dag_processing/importers/python_importer.py","lineno":238,"name":"parse"},{"filename":"<frozen importlib._bootstrap_external>","lineno":1019,"name":"exec_module"},{"filename":"<frozen importlib._bootstrap_external>","lineno":1157,"name":"get_code"},{"filename":"<frozen importlib._bootstrap_external>","lineno":1087,"name":"source_to_code"},{"filename":"<frozen importlib._bootstrap>","lineno":488,"name":"_call_with_frames_removed"}],"is_group":false,"exceptions":[]}]}
{"timestamp":"2026-05-22T13:32:32.658425Z","level":"error","event":"Error loading DAG from bronze_layer.py: expected ':' (bronze_layer.py, line 27)","logger":"airflow.dag_processing.dagbag.BundleDagBag","filename":"dagbag.py","lineno":327}
{"timestamp":"2026-05-22T13:33:06.060692Z","level":"info","event":"Filling up the DagBag from /opt/airflow/dags/bronze_layer.py","logger":"airflow.dag_processing.dagbag.BundleDagBag","filename":"dagbag.py","lineno":469}
{"timestamp":"2026-05-22T13:33:06.076260Z","level":"error","event":"Failed to import: /opt/airflow/dags/bronze_layer.py","logger":"airflow.dag_processing.importers.python_importer","filename":"python_importer.py","lineno":244,"error_detail":[{"exc_type":"SyntaxError","exc_value":"expected ':' (bronze_layer.py, line 27)","exc_notes":[],"syntax_error":{"offset":27,"filename":"/opt/airflow/dags/bronze_layer.py","line":"def _get_csv_uls(base_url)\n","lineno":27,"msg":"expected ':'"},"is_cause":false,"frames":[{"filename":"/home/airflow/.local/lib/python3.13/site-packages/airflow/dag_processing/importers/python_importer.py","lineno":238,"name":"parse"},{"filename":"<frozen importlib._bootstrap_external>","lineno":1019,"name":"exec_module"},{"filename":"<frozen importlib._bootstrap_external>","lineno":1157,"name":"get_code"},{"filename":"<frozen importlib._bootstrap_external>","lineno":1087,"name":"source_to_code"},{"filename":"<frozen importlib._bootstrap>","lineno":488,"name":"_call_with_frames_removed"}],"is_group":false,"exceptions":[]}]}
{"timestamp":"2026-05-22T13:33:06.083853Z","level":"error","event":"Error loading DAG from bronze_layer.py: expected ':' (bronze_layer.py, line 27)","logger":"airflow.dag_processing.dagbag.BundleDagBag","filename":"dagbag.py","lineno":327}
{"timestamp":"2026-05-22T13:33:49.143560Z","level":"info","event":"Filling up the DagBag from /opt/airflow/dags/bronze_layer.py","logger":"airflow.dag_processing.dagbag.BundleDagBag","filename":"dagbag.py","lineno":469}
{"timestamp":"2026-05-22T13:33:49.162505Z","level":"error","event":"Failed to import: /opt/airflow/dags/bronze_layer.py","logger":"airflow.dag_processing.importers.python_importer","filename":"python_importer.py","lineno":244,"error_detail":[{"exc_type":"SyntaxError","exc_value":"expected ':' (bronze_layer.py, line 27)","exc_notes":[],"syntax_error":{"offset":27,"filename":"/opt/airflow/dags/bronze_layer.py","line":"def _get_csv_uls(base_url)\n","lineno":27,"msg":"expected ':'"},"is_cause":false,"frames":[{"filename":"/home/airflow/.local/lib/python3.13/site-packages/airflow/dag_processing/importers/python_importer.py","lineno":238,"name":"parse"},{"filename":"<frozen importlib._bootstrap_external>","lineno":1019,"name":"exec_module"},{"filename":"<frozen importlib._bootstrap_external>","lineno":1157,"name":"get_code"},{"filename":"<frozen importlib._bootstrap_external>","lineno":1087,"name":"source_to_code"},{"filename":"<frozen importlib._bootstrap>","lineno":488,"name":"_call_with_frames_removed"}],"is_group":false,"exceptions":[]}]}
{"timestamp":"2026-05-22T13:33:49.165660Z","level":"error","event":"Error loading DAG from bronze_layer.py: expected ':' (bronze_layer.py, line 27)","logger":"airflow.dag_processing.dagbag.BundleDagBag","filename":"dagbag.py","lineno":327}
{"timestamp":"2026-05-22T13:34:22.495011Z","level":"info","event":"Filling up the DagBag from /opt/airflow/dags/bronze_layer.py","logger":"airflow.dag_processing.dagbag.BundleDagBag","filename":"dagbag.py","lineno":469}
{"timestamp":"2026-05-22T13:34:22.522786Z","level":"error","event":"Failed to import: /opt/airflow/dags/bronze_layer.py","logger":"airflow.dag_processing.importers.python_importer","filename":"python_importer.py","lineno":244,"error_detail":[{"exc_type":"SyntaxError","exc_value":"expected ':' (bronze_layer.py, line 27)","exc_notes":[],"syntax_error":{"offset":27,"filename":"/opt/airflow/dags/bronze_layer.py","line":"def _get_csv_uls(base_url)\n","lineno":27,"msg":"expected ':'"},"is_cause":false,"frames":[{"filename":"/home/airflow/.local/lib/python3.13/site-packages/airflow/dag_processing/importers/python_importer.py","lineno":238,"name":"parse"},{"filename":"<frozen importlib._bootstrap_external>","lineno":1019,"name":"exec_module"},{"filename":"<frozen importlib._bootstrap_external>","lineno":1157,"name":"get_code"},{"filename":"<frozen importlib._bootstrap_external>","lineno":1087,"name":"source_to_code"},{"filename":"<frozen importlib._bootstrap>","lineno":488,"name":"_call_with_frames_removed"}],"is_group":false,"exceptions":[]}]}
{"timestamp":"2026-05-22T13:34:22.525795Z","level":"error","event":"Error loading DAG from bronze_layer.py: expected ':' (bronze_layer.py, line 27)","logger":"airflow.dag_processing.dagbag.BundleDagBag","filename":"dagbag.py","lineno":327}
{"timestamp":"2026-05-22T13:34:55.025881Z","level":"info","event":"Filling up the DagBag from /opt/airflow/dags/bronze_layer.py","logger":"airflow.dag_processing.dagbag.BundleDagBag","filename":"dagbag.py","lineno":469}
{"timestamp":"2026-05-22T13:34:55.030061Z","level":"error","event":"Failed to import: /opt/airflow/dags/bronze_layer.py","logger":"airflow.dag_processing.importers.python_importer","filename":"python_importer.py","lineno":244,"error_detail":[{"exc_type":"SyntaxError","exc_value":"expected ':' (bronze_layer.py, line 27)","exc_notes":[],"syntax_error":{"offset":27,"filename":"/opt/airflow/dags/bronze_layer.py","line":"def _get_csv_uls(base_url)\n","lineno":27,"msg":"expected ':'"},"is_cause":false,"frames":[{"filename":"/home/airflow/.local/lib/python3.13/site-packages/airflow/dag_processing/importers/python_importer.py","lineno":238,"name":"parse"},{"filename":"<frozen importlib._bootstrap_external>","lineno":1019,"name":"exec_module"},{"filename":"<frozen importlib._bootstrap_external>","lineno":1157,"name":"get_code"},{"filename":"<frozen importlib._bootstrap_external>","lineno":1087,"name":"source_to_code"},{"filename":"<frozen importlib._bootstrap>","lineno":488,"name":"_call_with_frames_removed"}],"is_group":false,"exceptions":[]}]}
{"timestamp":"2026-05-22T13:34:55.032362Z","level":"error","event":"Error loading DAG from bronze_layer.py: expected ':' (bronze_layer.py, line 27)","logger":"airflow.dag_processing.dagbag.BundleDagBag","filename":"dagbag.py","lineno":327}
{"timestamp":"2026-05-22T13:35:06.304602Z","level":"info","event":"Filling up the DagBag from /opt/airflow/dags/bronze_layer.py","logger":"airflow.dag_processing.dagbag.BundleDagBag","filename":"dagbag.py","lineno":469}
{"timestamp":"2026-05-22T13:35:12.162688Z","level":"info","event":"Filling up the DagBag from /opt/airflow/dags/bronze_layer.py","logger":"airflow.dag_processing.dagbag.BundleDagBag","filename":"dagbag.py","lineno":469}
{"timestamp":"2026-05-22T13:35:45.104155Z","level":"info","event":"Filling up the DagBag from /opt/airflow/dags/bronze_layer.py","logger":"airflow.dag_processing.dagbag.BundleDagBag","filename":"dagbag.py","lineno":469}
{"timestamp":"2026-05-22T13:35:54.185790Z","level":"info","event":"Filling up the DagBag from /opt/airflow/dags/bronze_layer.py","logger":"airflow.dag_processing.dagbag.BundleDagBag","filename":"dagbag.py","lineno":469}
{"timestamp":"2026-05-22T13:35:57.042498Z","level":"info","event":"Filling up the DagBag from /opt/airflow/dags/bronze_layer.py","logger":"airflow.dag_processing.dagbag.BundleDagBag","filename":"dagbag.py","lineno":469}
{"timestamp":"2026-05-22T13:36:30.399218Z","level":"info","event":"Filling up the DagBag from /opt/airflow/dags/bronze_layer.py","logger":"airflow.dag_processing.dagbag.BundleDagBag","filename":"dagbag.py","lineno":469}
{"timestamp":"2026-05-22T13:36:41.342101Z","level":"info","event":"Filling up the DagBag from /opt/airflow/dags/bronze_layer.py","logger":"airflow.dag_processing.dagbag.BundleDagBag","filename":"dagbag.py","lineno":469}
{"timestamp":"2026-05-22T13:37:00.223274Z","level":"info","event":"Filling up the DagBag from /opt/airflow/dags/bronze_layer.py","logger":"airflow.dag_processing.dagbag.BundleDagBag","filename":"dagbag.py","lineno":469}
{"timestamp":"2026-05-22T13:37:00.327630Z","level":"error","event":"Failed to import: /opt/airflow/dags/bronze_layer.py","logger":"airflow.dag_processing.importers.python_importer","filename":"python_importer.py","lineno":244,"error_detail":[{"exc_type":"NameError","exc_value":"name 'link' is not defined","exc_notes":[],"syntax_error":null,"is_cause":false,"frames":[{"filename":"/home/airflow/.local/lib/python3.13/site-packages/airflow/dag_processing/importers/python_importer.py","lineno":238,"name":"parse"},{"filename":"<frozen importlib._bootstrap_external>","lineno":1023,"name":"exec_module"},{"filename":"<frozen importlib._bootstrap>","lineno":488,"name":"_call_with_frames_removed"},{"filename":"/opt/airflow/dags/bronze_layer.py","lineno":181,"name":"<module>"},{"filename":"/home/airflow/.local/lib/python3.13/site-packages/airflow/sdk/definitions/dag.py","lineno":1629,"name":"factory"},{"filename":"/opt/airflow/dags/bronze_layer.py","lineno":174,"name":"bronze_layer"}],"is_group":false,"exceptions":[]}]}
{"timestamp":"2026-05-22T13:37:00.356382Z","level":"error","event":"Error loading DAG from bronze_layer.py: name 'link' is not defined","logger":"airflow.dag_processing.dagbag.BundleDagBag","filename":"dagbag.py","lineno":327}
{"timestamp":"2026-05-22T13:37:02.233759Z","level":"info","event":"Filling up the DagBag from /opt/airflow/dags/bronze_layer.py","logger":"airflow.dag_processing.dagbag.BundleDagBag","filename":"dagbag.py","lineno":469}
{"timestamp":"2026-05-22T13:37:02.271607Z","level":"error","event":"Failed to import: /opt/airflow/dags/bronze_layer.py","logger":"airflow.dag_processing.importers.python_importer","filename":"python_importer.py","lineno":244,"error_detail":[{"exc_type":"NameError","exc_value":"name 'links' is not defined","exc_notes":[],"syntax_error":null,"is_cause":false,"frames":[{"filename":"/home/airflow/.local/lib/python3.13/site-packages/airflow/dag_processing/importers/python_importer.py","lineno":238,"name":"parse"},{"filename":"<frozen importlib._bootstrap_external>","lineno":1023,"name":"exec_module"},{"filename":"<frozen importlib._bootstrap>","lineno":488,"name":"_call_with_frames_removed"},{"filename":"/opt/airflow/dags/bronze_layer.py","lineno":181,"name":"<module>"},{"filename":"/home/airflow/.local/lib/python3.13/site-packages/airflow/sdk/definitions/dag.py","lineno":1629,"name":"factory"},{"filename":"/opt/airflow/dags/bronze_layer.py","lineno":174,"name":"bronze_layer"}],"is_group":false,"exceptions":[]}]}
{"timestamp":"2026-05-22T13:37:02.277059Z","level":"error","event":"Error loading DAG from bronze_layer.py: name 'links' is not defined","logger":"airflow.dag_processing.dagbag.BundleDagBag","filename":"dagbag.py","lineno":327}
{"timestamp":"2026-05-22T13:37:21.557098Z","level":"info","event":"Filling up the DagBag from /opt/airflow/dags/bronze_layer.py","logger":"airflow.dag_processing.dagbag.BundleDagBag","filename":"dagbag.py","lineno":469}
{"timestamp":"2026-05-22T13:37:21.564588Z","level":"error","event":"Failed to import: /opt/airflow/dags/bronze_layer.py","logger":"airflow.dag_processing.importers.python_importer","filename":"python_importer.py","lineno":244,"error_detail":[{"exc_type":"SyntaxError","exc_value":"invalid syntax (bronze_layer.py, line 175)","exc_notes":[],"syntax_error":{"offset":9,"filename":"/opt/airflow/dags/bronze_layer.py","line":"        if file.endswith(\".csv\")\n","lineno":175,"msg":"invalid syntax"},"is_cause":false,"frames":[{"filename":"/home/airflow/.local/lib/python3.13/site-packages/airflow/dag_processing/importers/python_importer.py","lineno":238,"name":"parse"},{"filename":"<frozen importlib._bootstrap_external>","lineno":1019,"name":"exec_module"},{"filename":"<frozen importlib._bootstrap_external>","lineno":1157,"name":"get_code"},{"filename":"<frozen importlib._bootstrap_external>","lineno":1087,"name":"source_to_code"},{"filename":"<frozen importlib._bootstrap>","lineno":488,"name":"_call_with_frames_removed"}],"is_group":false,"exceptions":[]}]}
{"timestamp":"2026-05-22T13:37:21.566994Z","level":"error","event":"Error loading DAG from bronze_layer.py: invalid syntax (bronze_layer.py, line 175)","logger":"airflow.dag_processing.dagbag.BundleDagBag","filename":"dagbag.py","lineno":327}
{"timestamp":"2026-05-22T13:37:24.715394Z","level":"info","event":"Filling up the DagBag from /opt/airflow/dags/bronze_layer.py","logger":"airflow.dag_processing.dagbag.BundleDagBag","filename":"dagbag.py","lineno":469}
{"timestamp":"2026-05-22T13:37:24.745144Z","level":"error","event":"Failed to import: /opt/airflow/dags/bronze_layer.py","logger":"airflow.dag_processing.importers.python_importer","filename":"python_importer.py","lineno":244,"error_detail":[{"exc_type":"NameError","exc_value":"name 'links' is not defined","exc_notes":[],"syntax_error":null,"is_cause":false,"frames":[{"filename":"/home/airflow/.local/lib/python3.13/site-packages/airflow/dag_processing/importers/python_importer.py","lineno":238,"name":"parse"},{"filename":"<frozen importlib._bootstrap_external>","lineno":1023,"name":"exec_module"},{"filename":"<frozen importlib._bootstrap>","lineno":488,"name":"_call_with_frames_removed"},{"filename":"/opt/airflow/dags/bronze_layer.py","lineno":181,"name":"<module>"},{"filename":"/home/airflow/.local/lib/python3.13/site-packages/airflow/sdk/definitions/dag.py","lineno":1629,"name":"factory"},{"filename":"/opt/airflow/dags/bronze_layer.py","lineno":174,"name":"bronze_layer"}],"is_group":false,"exceptions":[]}]}
{"timestamp":"2026-05-22T13:37:24.748269Z","level":"error","event":"Error loading DAG from bronze_layer.py: name 'links' is not defined","logger":"airflow.dag_processing.dagbag.BundleDagBag","filename":"dagbag.py","lineno":327}
{"timestamp":"2026-05-22T13:37:49.733618Z","level":"info","event":"Filling up the DagBag from /opt/airflow/dags/bronze_layer.py","logger":"airflow.dag_processing.dagbag.BundleDagBag","filename":"dagbag.py","lineno":469}
{"timestamp":"2026-05-22T13:37:49.741421Z","level":"error","event":"Failed to import: /opt/airflow/dags/bronze_layer.py","logger":"airflow.dag_processing.importers.python_importer","filename":"python_importer.py","lineno":244,"error_detail":[{"exc_type":"SyntaxError","exc_value":"'[' was never closed (bronze_layer.py, line 172)","exc_notes":[],"syntax_error":{"offset":26,"filename":"/opt/airflow/dags/bronze_layer.py","line":"    download_csv_files = [\n","lineno":172,"msg":"'[' was never closed"},"is_cause":false,"frames":[{"filename":"/home/airflow/.local/lib/python3.13/site-packages/airflow/dag_processing/importers/python_importer.py","lineno":238,"name":"parse"},{"filename":"<frozen importlib._bootstrap_external>","lineno":1019,"name":"exec_module"},{"filename":"<frozen importlib._bootstrap_external>","lineno":1157,"name":"get_code"},{"filename":"<frozen importlib._bootstrap_external>","lineno":1087,"name":"source_to_code"},{"filename":"<frozen importlib._bootstrap>","lineno":488,"name":"_call_with_frames_removed"}],"is_group":false,"exceptions":[]}]}
{"timestamp":"2026-05-22T13:37:49.743767Z","level":"error","event":"Error loading DAG from bronze_layer.py: '[' was never closed (bronze_layer.py, line 172)","logger":"airflow.dag_processing.dagbag.BundleDagBag","filename":"dagbag.py","lineno":327}
{"timestamp":"2026-05-22T13:38:20.472250Z","level":"info","event":"Filling up the DagBag from /opt/airflow/dags/bronze_layer.py","logger":"airflow.dag_processing.dagbag.BundleDagBag","filename":"dagbag.py","lineno":469}
{"timestamp":"2026-05-22T13:38:20.544104Z","level":"error","event":"Failed to import: /opt/airflow/dags/bronze_layer.py","logger":"airflow.dag_processing.importers.python_importer","filename":"python_importer.py","lineno":244,"error_detail":[{"exc_type":"NameError","exc_value":"name 'links' is not defined","exc_notes":[],"syntax_error":null,"is_cause":false,"frames":[{"filename":"/home/airflow/.local/lib/python3.13/site-packages/airflow/dag_processing/importers/python_importer.py","lineno":238,"name":"parse"},{"filename":"<frozen importlib._bootstrap_external>","lineno":1023,"name":"exec_module"},{"filename":"<frozen importlib._bootstrap>","lineno":488,"name":"_call_with_frames_removed"},{"filename":"/opt/airflow/dags/bronze_layer.py","lineno":183,"name":"<module>"},{"filename":"/home/airflow/.local/lib/python3.13/site-packages/airflow/sdk/definitions/dag.py","lineno":1629,"name":"factory"},{"filename":"/opt/airflow/dags/bronze_layer.py","lineno":174,"name":"bronze_layer"}],"is_group":false,"exceptions":[]}]}
{"timestamp":"2026-05-22T13:38:20.548517Z","level":"error","event":"Error loading DAG from bronze_layer.py: name 'links' is not defined","logger":"airflow.dag_processing.dagbag.BundleDagBag","filename":"dagbag.py","lineno":327}
{"timestamp":"2026-05-22T13:38:38.170595Z","level":"info","event":"Filling up the DagBag from /opt/airflow/dags/bronze_layer.py","logger":"airflow.dag_processing.dagbag.BundleDagBag","filename":"dagbag.py","lineno":469}
{"timestamp":"2026-05-22T13:38:38.195096Z","level":"error","event":"Failed to import: /opt/airflow/dags/bronze_layer.py","logger":"airflow.dag_processing.importers.python_importer","filename":"python_importer.py","lineno":244,"error_detail":[{"exc_type":"NameError","exc_value":"name 'links' is not defined","exc_notes":[],"syntax_error":null,"is_cause":false,"frames":[{"filename":"/home/airflow/.local/lib/python3.13/site-packages/airflow/dag_processing/importers/python_importer.py","lineno":238,"name":"parse"},{"filename":"<frozen importlib._bootstrap_external>","lineno":1023,"name":"exec_module"},{"filename":"<frozen importlib._bootstrap>","lineno":488,"name":"_call_with_frames_removed"},{"filename":"/opt/airflow/dags/bronze_layer.py","lineno":183,"name":"<module>"},{"filename":"/home/airflow/.local/lib/python3.13/site-packages/airflow/sdk/definitions/dag.py","lineno":1629,"name":"factory"},{"filename":"/opt/airflow/dags/bronze_layer.py","lineno":174,"name":"bronze_layer"}],"is_group":false,"exceptions":[]}]}
{"timestamp":"2026-05-22T13:38:38.198007Z","level":"error","event":"Error loading DAG from bronze_layer.py: name 'links' is not defined","logger":"airflow.dag_processing.dagbag.BundleDagBag","filename":"dagbag.py","lineno":327}
{"timestamp":"2026-05-22T13:39:08.990405Z","level":"info","event":"Filling up the DagBag from /opt/airflow/dags/bronze_layer.py","logger":"airflow.dag_processing.dagbag.BundleDagBag","filename":"dagbag.py","lineno":469}
{"timestamp":"2026-05-22T13:39:09.022756Z","level":"error","event":"Failed to import: /opt/airflow/dags/bronze_layer.py","logger":"airflow.dag_processing.importers.python_importer","filename":"python_importer.py","lineno":244,"error_detail":[{"exc_type":"NameError","exc_value":"name 'links' is not defined","exc_notes":[],"syntax_error":null,"is_cause":false,"frames":[{"filename":"/home/airflow/.local/lib/python3.13/site-packages/airflow/dag_processing/importers/python_importer.py","lineno":238,"name":"parse"},{"filename":"<frozen importlib._bootstrap_external>","lineno":1023,"name":"exec_module"},{"filename":"<frozen importlib._bootstrap>","lineno":488,"name":"_call_with_frames_removed"},{"filename":"/opt/airflow/dags/bronze_layer.py","lineno":183,"name":"<module>"},{"filename":"/home/airflow/.local/lib/python3.13/site-packages/airflow/sdk/definitions/dag.py","lineno":1629,"name":"factory"},{"filename":"/opt/airflow/dags/bronze_layer.py","lineno":174,"name":"bronze_layer"}],"is_group":false,"exceptions":[]}]}
{"timestamp":"2026-05-22T13:39:09.027222Z","level":"error","event":"Error loading DAG from bronze_layer.py: name 'links' is not defined","logger":"airflow.dag_processing.dagbag.BundleDagBag","filename":"dagbag.py","lineno":327}
{"timestamp":"2026-05-22T13:39:39.383168Z","level":"info","event":"Filling up the DagBag from /opt/airflow/dags/bronze_layer.py","logger":"airflow.dag_processing.dagbag.BundleDagBag","filename":"dagbag.py","lineno":469}
{"timestamp":"2026-05-22T13:39:39.418653Z","level":"error","event":"Failed to import: /opt/airflow/dags/bronze_layer.py","logger":"airflow.dag_processing.importers.python_importer","filename":"python_importer.py","lineno":244,"error_detail":[{"exc_type":"NameError","exc_value":"name 'links' is not defined","exc_notes":[],"syntax_error":null,"is_cause":false,"frames":[{"filename":"/home/airflow/.local/lib/python3.13/site-packages/airflow/dag_processing/importers/python_importer.py","lineno":238,"name":"parse"},{"filename":"<frozen importlib._bootstrap_external>","lineno":1023,"name":"exec_module"},{"filename":"<frozen importlib._bootstrap>","lineno":488,"name":"_call_with_frames_removed"},{"filename":"/opt/airflow/dags/bronze_layer.py","lineno":183,"name":"<module>"},{"filename":"/home/airflow/.local/lib/python3.13/site-packages/airflow/sdk/definitions/dag.py","lineno":1629,"name":"factory"},{"filename":"/opt/airflow/dags/bronze_layer.py","lineno":174,"name":"bronze_layer"}],"is_group":false,"exceptions":[]}]}
{"timestamp":"2026-05-22T13:39:39.422948Z","level":"error","event":"Error loading DAG from bronze_layer.py: name 'links' is not defined","logger":"airflow.dag_processing.dagbag.BundleDagBag","filename":"dagbag.py","lineno":327}
{"timestamp":"2026-05-22T13:40:09.802069Z","level":"info","event":"Filling up the DagBag from /opt/airflow/dags/bronze_layer.py","logger":"airflow.dag_processing.dagbag.BundleDagBag","filename":"dagbag.py","lineno":469}
{"timestamp":"2026-05-22T13:40:09.847876Z","level":"error","event":"Failed to import: /opt/airflow/dags/bronze_layer.py","logger":"airflow.dag_processing.importers.python_importer","filename":"python_importer.py","lineno":244,"error_detail":[{"exc_type":"NameError","exc_value":"name 'links' is not defined","exc_notes":[],"syntax_error":null,"is_cause":false,"frames":[{"filename":"/home/airflow/.local/lib/python3.13/site-packages/airflow/dag_processing/importers/python_importer.py","lineno":238,"name":"parse"},{"filename":"<frozen importlib._bootstrap_external>","lineno":1023,"name":"exec_module"},{"filename":"<frozen importlib._bootstrap>","lineno":488,"name":"_call_with_frames_removed"},{"filename":"/opt/airflow/dags/bronze_layer.py","lineno":183,"name":"<module>"},{"filename":"/home/airflow/.local/lib/python3.13/site-packages/airflow/sdk/definitions/dag.py","lineno":1629,"name":"factory"},{"filename":"/opt/airflow/dags/bronze_layer.py","lineno":174,"name":"bronze_layer"}],"is_group":false,"exceptions":[]}]}
{"timestamp":"2026-05-22T13:40:09.853009Z","level":"error","event":"Error loading DAG from bronze_layer.py: name 'links' is not defined","logger":"airflow.dag_processing.dagbag.BundleDagBag","filename":"dagbag.py","lineno":327}
{"timestamp":"2026-05-22T13:40:41.720550Z","level":"info","event":"Filling up the DagBag from /opt/airflow/dags/bronze_layer.py","logger":"airflow.dag_processing.dagbag.BundleDagBag","filename":"dagbag.py","lineno":469}
{"timestamp":"2026-05-22T13:40:41.743415Z","level":"error","event":"Failed to import: /opt/airflow/dags/bronze_layer.py","logger":"airflow.dag_processing.importers.python_importer","filename":"python_importer.py","lineno":244,"error_detail":[{"exc_type":"NameError","exc_value":"name 'links' is not defined","exc_notes":[],"syntax_error":null,"is_cause":false,"frames":[{"filename":"/home/airflow/.local/lib/python3.13/site-packages/airflow/dag_processing/importers/python_importer.py","lineno":238,"name":"parse"},{"filename":"<frozen importlib._bootstrap_external>","lineno":1023,"name":"exec_module"},{"filename":"<frozen importlib._bootstrap>","lineno":488,"name":"_call_with_frames_removed"},{"filename":"/opt/airflow/dags/bronze_layer.py","lineno":183,"name":"<module>"},{"filename":"/home/airflow/.local/lib/python3.13/site-packages/airflow/sdk/definitions/dag.py","lineno":1629,"name":"factory"},{"filename":"/opt/airflow/dags/bronze_layer.py","lineno":174,"name":"bronze_layer"}],"is_group":false,"exceptions":[]}]}
{"timestamp":"2026-05-22T13:40:41.747417Z","level":"error","event":"Error loading DAG from bronze_layer.py: name 'links' is not defined","logger":"airflow.dag_processing.dagbag.BundleDagBag","filename":"dagbag.py","lineno":327}
{"timestamp":"2026-05-22T13:41:12.356532Z","level":"info","event":"Filling up the DagBag from /opt/airflow/dags/bronze_layer.py","logger":"airflow.dag_processing.dagbag.BundleDagBag","filename":"dagbag.py","lineno":469}
{"timestamp":"2026-05-22T13:41:12.391041Z","level":"error","event":"Failed to import: /opt/airflow/dags/bronze_layer.py","logger":"airflow.dag_processing.importers.python_importer","filename":"python_importer.py","lineno":244,"error_detail":[{"exc_type":"NameError","exc_value":"name 'links' is not defined","exc_notes":[],"syntax_error":null,"is_cause":false,"frames":[{"filename":"/home/airflow/.local/lib/python3.13/site-packages/airflow/dag_processing/importers/python_importer.py","lineno":238,"name":"parse"},{"filename":"<frozen importlib._bootstrap_external>","lineno":1023,"name":"exec_module"},{"filename":"<frozen importlib._bootstrap>","lineno":488,"name":"_call_with_frames_removed"},{"filename":"/opt/airflow/dags/bronze_layer.py","lineno":183,"name":"<module>"},{"filename":"/home/airflow/.local/lib/python3.13/site-packages/airflow/sdk/definitions/dag.py","lineno":1629,"name":"factory"},{"filename":"/opt/airflow/dags/bronze_layer.py","lineno":174,"name":"bronze_layer"}],"is_group":false,"exceptions":[]}]}
{"timestamp":"2026-05-22T13:41:12.398299Z","level":"error","event":"Error loading DAG from bronze_layer.py: name 'links' is not defined","logger":"airflow.dag_processing.dagbag.BundleDagBag","filename":"dagbag.py","lineno":327}
{"timestamp":"2026-05-22T13:41:43.282596Z","level":"info","event":"Filling up the DagBag from /opt/airflow/dags/bronze_layer.py","logger":"airflow.dag_processing.dagbag.BundleDagBag","filename":"dagbag.py","lineno":469}
{"timestamp":"2026-05-22T13:41:43.313183Z","level":"error","event":"Failed to import: /opt/airflow/dags/bronze_layer.py","logger":"airflow.dag_processing.importers.python_importer","filename":"python_importer.py","lineno":244,"error_detail":[{"exc_type":"NameError","exc_value":"name 'links' is not defined","exc_notes":[],"syntax_error":null,"is_cause":false,"frames":[{"filename":"/home/airflow/.local/lib/python3.13/site-packages/airflow/dag_processing/importers/python_importer.py","lineno":238,"name":"parse"},{"filename":"<frozen importlib._bootstrap_external>","lineno":1023,"name":"exec_module"},{"filename":"<frozen importlib._bootstrap>","lineno":488,"name":"_call_with_frames_removed"},{"filename":"/opt/airflow/dags/bronze_layer.py","lineno":183,"name":"<module>"},{"filename":"/home/airflow/.local/lib/python3.13/site-packages/airflow/sdk/definitions/dag.py","lineno":1629,"name":"factory"},{"filename":"/opt/airflow/dags/bronze_layer.py","lineno":174,"name":"bronze_layer"}],"is_group":false,"exceptions":[]}]}
{"timestamp":"2026-05-22T13:41:43.317623Z","level":"error","event":"Error loading DAG from bronze_layer.py: name 'links' is not defined","logger":"airflow.dag_processing.dagbag.BundleDagBag","filename":"dagbag.py","lineno":327}
{"timestamp":"2026-05-22T13:41:55.999924Z","level":"info","event":"Filling up the DagBag from /opt/airflow/dags/bronze_layer.py","logger":"airflow.dag_processing.dagbag.BundleDagBag","filename":"dagbag.py","lineno":469}
{"timestamp":"2026-05-22T13:41:56.019243Z","level":"error","event":"Failed to import: /opt/airflow/dags/bronze_layer.py","logger":"airflow.dag_processing.importers.python_importer","filename":"python_importer.py","lineno":244,"error_detail":[{"exc_type":"IndentationError","exc_value":"expected an indented block after 'with' statement on line 173 (bronze_layer.py, line 174)","exc_notes":[],"syntax_error":{"offset":5,"filename":"/opt/airflow/dags/bronze_layer.py","line":"    links = [line.strip() for line in f.readlines() if line.strip()]\n","lineno":174,"msg":"expected an indented block after 'with' statement on line 173"},"is_cause":false,"frames":[{"filename":"/home/airflow/.local/lib/python3.13/site-packages/airflow/dag_processing/importers/python_importer.py","lineno":238,"name":"parse"},{"filename":"<frozen importlib._bootstrap_external>","lineno":1019,"name":"exec_module"},{"filename":"<frozen importlib._bootstrap_external>","lineno":1157,"name":"get_code"},{"filename":"<frozen importlib._bootstrap_external>","lineno":1087,"name":"source_to_code"},{"filename":"<frozen importlib._bootstrap>","lineno":488,"name":"_call_with_frames_removed"}],"is_group":false,"exceptions":[]}]}
{"timestamp":"2026-05-22T13:41:56.033143Z","level":"error","event":"Error loading DAG from bronze_layer.py: expected an indented block after 'with' statement on line 173 (bronze_layer.py, line 174)","logger":"airflow.dag_processing.dagbag.BundleDagBag","filename":"dagbag.py","lineno":327}
{"timestamp":"2026-05-22T13:42:03.642529Z","level":"info","event":"Filling up the DagBag from /opt/airflow/dags/bronze_layer.py","logger":"airflow.dag_processing.dagbag.BundleDagBag","filename":"dagbag.py","lineno":469}
{"timestamp":"2026-05-22T13:42:03.647976Z","level":"error","event":"Failed to import: /opt/airflow/dags/bronze_layer.py","logger":"airflow.dag_processing.importers.python_importer","filename":"python_importer.py","lineno":244,"error_detail":[{"exc_type":"IndentationError","exc_value":"expected an indented block after 'with' statement on line 173 (bronze_layer.py, line 174)","exc_notes":[],"syntax_error":{"offset":5,"filename":"/opt/airflow/dags/bronze_layer.py","line":"    links = [line.strip() for line in f.readlines() if line.strip()]\n","lineno":174,"msg":"expected an indented block after 'with' statement on line 173"},"is_cause":false,"frames":[{"filename":"/home/airflow/.local/lib/python3.13/site-packages/airflow/dag_processing/importers/python_importer.py","lineno":238,"name":"parse"},{"filename":"<frozen importlib._bootstrap_external>","lineno":1019,"name":"exec_module"},{"filename":"<frozen importlib._bootstrap_external>","lineno":1157,"name":"get_code"},{"filename":"<frozen importlib._bootstrap_external>","lineno":1087,"name":"source_to_code"},{"filename":"<frozen importlib._bootstrap>","lineno":488,"name":"_call_with_frames_removed"}],"is_group":false,"exceptions":[]}]}
{"timestamp":"2026-05-22T13:42:03.649804Z","level":"error","event":"Error loading DAG from bronze_layer.py: expected an indented block after 'with' statement on line 173 (bronze_layer.py, line 174)","logger":"airflow.dag_processing.dagbag.BundleDagBag","filename":"dagbag.py","lineno":327}
{"timestamp":"2026-05-22T13:42:27.311943Z","level":"info","event":"Filling up the DagBag from /opt/airflow/dags/bronze_layer.py","logger":"airflow.dag_processing.dagbag.BundleDagBag","filename":"dagbag.py","lineno":469}
{"timestamp":"2026-05-22T13:42:27.317541Z","level":"error","event":"Failed to import: /opt/airflow/dags/bronze_layer.py","logger":"airflow.dag_processing.importers.python_importer","filename":"python_importer.py","lineno":244,"error_detail":[{"exc_type":"IndentationError","exc_value":"expected an indented block after 'with' statement on line 173 (bronze_layer.py, line 174)","exc_notes":[],"syntax_error":{"offset":5,"filename":"/opt/airflow/dags/bronze_layer.py","line":"    links = [line.strip() for line in f.readlines() if line.strip()]\n","lineno":174,"msg":"expected an indented block after 'with' statement on line 173"},"is_cause":false,"frames":[{"filename":"/home/airflow/.local/lib/python3.13/site-packages/airflow/dag_processing/importers/python_importer.py","lineno":238,"name":"parse"},{"filename":"<frozen importlib._bootstrap_external>","lineno":1019,"name":"exec_module"},{"filename":"<frozen importlib._bootstrap_external>","lineno":1157,"name":"get_code"},{"filename":"<frozen importlib._bootstrap_external>","lineno":1087,"name":"source_to_code"},{"filename":"<frozen importlib._bootstrap>","lineno":488,"name":"_call_with_frames_removed"}],"is_group":false,"exceptions":[]}]}
{"timestamp":"2026-05-22T13:42:27.324154Z","level":"error","event":"Error loading DAG from bronze_layer.py: expected an indented block after 'with' statement on line 173 (bronze_layer.py, line 174)","logger":"airflow.dag_processing.dagbag.BundleDagBag","filename":"dagbag.py","lineno":327}
{"timestamp":"2026-05-22T13:42:58.543807Z","level":"info","event":"Filling up the DagBag from /opt/airflow/dags/bronze_layer.py","logger":"airflow.dag_processing.dagbag.BundleDagBag","filename":"dagbag.py","lineno":469}
{"timestamp":"2026-05-22T13:42:58.569749Z","level":"error","event":"Failed to import: /opt/airflow/dags/bronze_layer.py","logger":"airflow.dag_processing.importers.python_importer","filename":"python_importer.py","lineno":244,"error_detail":[{"exc_type":"IndentationError","exc_value":"expected an indented block after 'with' statement on line 173 (bronze_layer.py, line 174)","exc_notes":[],"syntax_error":{"offset":5,"filename":"/opt/airflow/dags/bronze_layer.py","line":"    links = [line.strip() for line in f.readlines() if line.strip()]\n","lineno":174,"msg":"expected an indented block after 'with' statement on line 173"},"is_cause":false,"frames":[{"filename":"/home/airflow/.local/lib/python3.13/site-packages/airflow/dag_processing/importers/python_importer.py","lineno":238,"name":"parse"},{"filename":"<frozen importlib._bootstrap_external>","lineno":1019,"name":"exec_module"},{"filename":"<frozen importlib._bootstrap_external>","lineno":1157,"name":"get_code"},{"filename":"<frozen importlib._bootstrap_external>","lineno":1087,"name":"source_to_code"},{"filename":"<frozen importlib._bootstrap>","lineno":488,"name":"_call_with_frames_removed"}],"is_group":false,"exceptions":[]}]}
{"timestamp":"2026-05-22T13:42:58.579022Z","level":"error","event":"Error loading DAG from bronze_layer.py: expected an indented block after 'with' statement on line 173 (bronze_layer.py, line 174)","logger":"airflow.dag_processing.dagbag.BundleDagBag","filename":"dagbag.py","lineno":327}
{"timestamp":"2026-05-22T13:43:26.205913Z","level":"info","event":"Filling up the DagBag from /opt/airflow/dags/bronze_layer.py","logger":"airflow.dag_processing.dagbag.BundleDagBag","filename":"dagbag.py","lineno":469}
{"timestamp":"2026-05-22T13:43:26.213772Z","level":"error","event":"Failed to import: /opt/airflow/dags/bronze_layer.py","logger":"airflow.dag_processing.importers.python_importer","filename":"python_importer.py","lineno":244,"error_detail":[{"exc_type":"IndentationError","exc_value":"expected an indented block after 'with' statement on line 170 (bronze_layer.py, line 171)","exc_notes":[],"syntax_error":{"offset":5,"filename":"/opt/airflow/dags/bronze_layer.py","line":"    links = [line.strip() for line in f.readlines() if line.strip()]\n","lineno":171,"msg":"expected an indented block after 'with' statement on line 170"},"is_cause":false,"frames":[{"filename":"/home/airflow/.local/lib/python3.13/site-packages/airflow/dag_processing/importers/python_importer.py","lineno":238,"name":"parse"},{"filename":"<frozen importlib._bootstrap_external>","lineno":1019,"name":"exec_module"},{"filename":"<frozen importlib._bootstrap_external>","lineno":1157,"name":"get_code"},{"filename":"<frozen importlib._bootstrap_external>","lineno":1087,"name":"source_to_code"},{"filename":"<frozen importlib._bootstrap>","lineno":488,"name":"_call_with_frames_removed"}],"is_group":false,"exceptions":[]}]}
{"timestamp":"2026-05-22T13:43:26.215346Z","level":"error","event":"Error loading DAG from bronze_layer.py: expected an indented block after 'with' statement on line 170 (bronze_layer.py, line 171)","logger":"airflow.dag_processing.dagbag.BundleDagBag","filename":"dagbag.py","lineno":327}
{"timestamp":"2026-05-22T13:43:51.522716Z","level":"info","event":"Filling up the DagBag from /opt/airflow/dags/bronze_layer.py","logger":"airflow.dag_processing.dagbag.BundleDagBag","filename":"dagbag.py","lineno":469}
{"timestamp":"2026-05-22T13:43:51.531261Z","level":"error","event":"Failed to import: /opt/airflow/dags/bronze_layer.py","logger":"airflow.dag_processing.importers.python_importer","filename":"python_importer.py","lineno":244,"error_detail":[{"exc_type":"IndentationError","exc_value":"expected an indented block after 'with' statement on line 170 (bronze_layer.py, line 171)","exc_notes":[],"syntax_error":{"offset":5,"filename":"/opt/airflow/dags/bronze_layer.py","line":"    links = [line.strip() for line in f.readlines() if line.strip()]\n","lineno":171,"msg":"expected an indented block after 'with' statement on line 170"},"is_cause":false,"frames":[{"filename":"/home/airflow/.local/lib/python3.13/site-packages/airflow/dag_processing/importers/python_importer.py","lineno":238,"name":"parse"},{"filename":"<frozen importlib._bootstrap_external>","lineno":1019,"name":"exec_module"},{"filename":"<frozen importlib._bootstrap_external>","lineno":1157,"name":"get_code"},{"filename":"<frozen importlib._bootstrap_external>","lineno":1087,"name":"source_to_code"},{"filename":"<frozen importlib._bootstrap>","lineno":488,"name":"_call_with_frames_removed"}],"is_group":false,"exceptions":[]}]}
{"timestamp":"2026-05-22T13:43:51.534361Z","level":"error","event":"Error loading DAG from bronze_layer.py: expected an indented block after 'with' statement on line 170 (bronze_layer.py, line 171)","logger":"airflow.dag_processing.dagbag.BundleDagBag","filename":"dagbag.py","lineno":327}
{"timestamp":"2026-05-22T13:44:00.878271Z","level":"info","event":"Filling up the DagBag from /opt/airflow/dags/bronze_layer.py","logger":"airflow.dag_processing.dagbag.BundleDagBag","filename":"dagbag.py","lineno":469}
{"timestamp":"2026-05-22T13:44:00.886993Z","level":"error","event":"Failed to import: /opt/airflow/dags/bronze_layer.py","logger":"airflow.dag_processing.importers.python_importer","filename":"python_importer.py","lineno":244,"error_detail":[{"exc_type":"IndentationError","exc_value":"expected an indented block after 'with' statement on line 170 (bronze_layer.py, line 171)","exc_notes":[],"syntax_error":{"offset":5,"filename":"/opt/airflow/dags/bronze_layer.py","line":"    links = [line.strip() for line in f.readlines() if line.strip()]\n","lineno":171,"msg":"expected an indented block after 'with' statement on line 170"},"is_cause":false,"frames":[{"filename":"/home/airflow/.local/lib/python3.13/site-packages/airflow/dag_processing/importers/python_importer.py","lineno":238,"name":"parse"},{"filename":"<frozen importlib._bootstrap_external>","lineno":1019,"name":"exec_module"},{"filename":"<frozen importlib._bootstrap_external>","lineno":1157,"name":"get_code"},{"filename":"<frozen importlib._bootstrap_external>","lineno":1087,"name":"source_to_code"},{"filename":"<frozen importlib._bootstrap>","lineno":488,"name":"_call_with_frames_removed"}],"is_group":false,"exceptions":[]}]}
{"timestamp":"2026-05-22T13:44:00.889563Z","level":"error","event":"Error loading DAG from bronze_layer.py: expected an indented block after 'with' statement on line 170 (bronze_layer.py, line 171)","logger":"airflow.dag_processing.dagbag.BundleDagBag","filename":"dagbag.py","lineno":327}
{"timestamp":"2026-05-22T13:44:43.376486Z","level":"info","event":"Filling up the DagBag from /opt/airflow/dags/bronze_layer.py","logger":"airflow.dag_processing.dagbag.BundleDagBag","filename":"dagbag.py","lineno":469}
{"timestamp":"2026-05-22T13:44:43.387015Z","level":"error","event":"Failed to import: /opt/airflow/dags/bronze_layer.py","logger":"airflow.dag_processing.importers.python_importer","filename":"python_importer.py","lineno":244,"error_detail":[{"exc_type":"IndentationError","exc_value":"expected an indented block after 'with' statement on line 170 (bronze_layer.py, line 171)","exc_notes":[],"syntax_error":{"offset":5,"filename":"/opt/airflow/dags/bronze_layer.py","line":"    links = [line.strip() for line in f.readlines() if line.strip()]\n","lineno":171,"msg":"expected an indented block after 'with' statement on line 170"},"is_cause":false,"frames":[{"filename":"/home/airflow/.local/lib/python3.13/site-packages/airflow/dag_processing/importers/python_importer.py","lineno":238,"name":"parse"},{"filename":"<frozen importlib._bootstrap_external>","lineno":1019,"name":"exec_module"},{"filename":"<frozen importlib._bootstrap_external>","lineno":1157,"name":"get_code"},{"filename":"<frozen importlib._bootstrap_external>","lineno":1087,"name":"source_to_code"},{"filename":"<frozen importlib._bootstrap>","lineno":488,"name":"_call_with_frames_removed"}],"is_group":false,"exceptions":[]}]}
{"timestamp":"2026-05-22T13:44:43.389255Z","level":"error","event":"Error loading DAG from bronze_layer.py: expected an indented block after 'with' statement on line 170 (bronze_layer.py, line 171)","logger":"airflow.dag_processing.dagbag.BundleDagBag","filename":"dagbag.py","lineno":327}
{"timestamp":"2026-05-22T13:45:14.375603Z","level":"info","event":"Filling up the DagBag from /opt/airflow/dags/bronze_layer.py","logger":"airflow.dag_processing.dagbag.BundleDagBag","filename":"dagbag.py","lineno":469}
{"timestamp":"2026-05-22T13:45:14.380886Z","level":"error","event":"Failed to import: /opt/airflow/dags/bronze_layer.py","logger":"airflow.dag_processing.importers.python_importer","filename":"python_importer.py","lineno":244,"error_detail":[{"exc_type":"IndentationError","exc_value":"expected an indented block after 'with' statement on line 170 (bronze_layer.py, line 171)","exc_notes":[],"syntax_error":{"offset":5,"filename":"/opt/airflow/dags/bronze_layer.py","line":"    links = [line.strip() for line in f.readlines() if line.strip()]\n","lineno":171,"msg":"expected an indented block after 'with' statement on line 170"},"is_cause":false,"frames":[{"filename":"/home/airflow/.local/lib/python3.13/site-packages/airflow/dag_processing/importers/python_importer.py","lineno":238,"name":"parse"},{"filename":"<frozen importlib._bootstrap_external>","lineno":1019,"name":"exec_module"},{"filename":"<frozen importlib._bootstrap_external>","lineno":1157,"name":"get_code"},{"filename":"<frozen importlib._bootstrap_external>","lineno":1087,"name":"source_to_code"},{"filename":"<frozen importlib._bootstrap>","lineno":488,"name":"_call_with_frames_removed"}],"is_group":false,"exceptions":[]}]}
{"timestamp":"2026-05-22T13:45:14.382733Z","level":"error","event":"Error loading DAG from bronze_layer.py: expected an indented block after 'with' statement on line 170 (bronze_layer.py, line 171)","logger":"airflow.dag_processing.dagbag.BundleDagBag","filename":"dagbag.py","lineno":327}
{"timestamp":"2026-05-22T13:45:45.056592Z","level":"info","event":"Filling up the DagBag from /opt/airflow/dags/bronze_layer.py","logger":"airflow.dag_processing.dagbag.BundleDagBag","filename":"dagbag.py","lineno":469}
{"timestamp":"2026-05-22T13:45:45.065031Z","level":"error","event":"Failed to import: /opt/airflow/dags/bronze_layer.py","logger":"airflow.dag_processing.importers.python_importer","filename":"python_importer.py","lineno":244,"error_detail":[{"exc_type":"IndentationError","exc_value":"expected an indented block after 'with' statement on line 170 (bronze_layer.py, line 171)","exc_notes":[],"syntax_error":{"offset":5,"filename":"/opt/airflow/dags/bronze_layer.py","line":"    links = [line.strip() for line in f.readlines() if line.strip()]\n","lineno":171,"msg":"expected an indented block after 'with' statement on line 170"},"is_cause":false,"frames":[{"filename":"/home/airflow/.local/lib/python3.13/site-packages/airflow/dag_processing/importers/python_importer.py","lineno":238,"name":"parse"},{"filename":"<frozen importlib._bootstrap_external>","lineno":1019,"name":"exec_module"},{"filename":"<frozen importlib._bootstrap_external>","lineno":1157,"name":"get_code"},{"filename":"<frozen importlib._bootstrap_external>","lineno":1087,"name":"source_to_code"},{"filename":"<frozen importlib._bootstrap>","lineno":488,"name":"_call_with_frames_removed"}],"is_group":false,"exceptions":[]}]}
{"timestamp":"2026-05-22T13:45:45.069074Z","level":"error","event":"Error loading DAG from bronze_layer.py: expected an indented block after 'with' statement on line 170 (bronze_layer.py, line 171)","logger":"airflow.dag_processing.dagbag.BundleDagBag","filename":"dagbag.py","lineno":327}
{"timestamp":"2026-05-22T13:46:15.274196Z","level":"info","event":"Filling up the DagBag from /opt/airflow/dags/bronze_layer.py","logger":"airflow.dag_processing.dagbag.BundleDagBag","filename":"dagbag.py","lineno":469}
{"timestamp":"2026-05-22T13:46:15.294123Z","level":"error","event":"Failed to import: /opt/airflow/dags/bronze_layer.py","logger":"airflow.dag_processing.importers.python_importer","filename":"python_importer.py","lineno":244,"error_detail":[{"exc_type":"IndentationError","exc_value":"expected an indented block after 'with' statement on line 170 (bronze_layer.py, line 171)","exc_notes":[],"syntax_error":{"offset":5,"filename":"/opt/airflow/dags/bronze_layer.py","line":"    links = [line.strip() for line in f.readlines() if line.strip()]\n","lineno":171,"msg":"expected an indented block after 'with' statement on line 170"},"is_cause":false,"frames":[{"filename":"/home/airflow/.local/lib/python3.13/site-packages/airflow/dag_processing/importers/python_importer.py","lineno":238,"name":"parse"},{"filename":"<frozen importlib._bootstrap_external>","lineno":1019,"name":"exec_module"},{"filename":"<frozen importlib._bootstrap_external>","lineno":1157,"name":"get_code"},{"filename":"<frozen importlib._bootstrap_external>","lineno":1087,"name":"source_to_code"},{"filename":"<frozen importlib._bootstrap>","lineno":488,"name":"_call_with_frames_removed"}],"is_group":false,"exceptions":[]}]}
{"timestamp":"2026-05-22T13:46:15.297039Z","level":"error","event":"Error loading DAG from bronze_layer.py: expected an indented block after 'with' statement on line 170 (bronze_layer.py, line 171)","logger":"airflow.dag_processing.dagbag.BundleDagBag","filename":"dagbag.py","lineno":327}
{"timestamp":"2026-05-22T13:46:45.930184Z","level":"info","event":"Filling up the DagBag from /opt/airflow/dags/bronze_layer.py","logger":"airflow.dag_processing.dagbag.BundleDagBag","filename":"dagbag.py","lineno":469}
{"timestamp":"2026-05-22T13:46:45.938386Z","level":"error","event":"Failed to import: /opt/airflow/dags/bronze_layer.py","logger":"airflow.dag_processing.importers.python_importer","filename":"python_importer.py","lineno":244,"error_detail":[{"exc_type":"IndentationError","exc_value":"expected an indented block after 'with' statement on line 170 (bronze_layer.py, line 171)","exc_notes":[],"syntax_error":{"offset":5,"filename":"/opt/airflow/dags/bronze_layer.py","line":"    links = [line.strip() for line in f.readlines() if line.strip()]\n","lineno":171,"msg":"expected an indented block after 'with' statement on line 170"},"is_cause":false,"frames":[{"filename":"/home/airflow/.local/lib/python3.13/site-packages/airflow/dag_processing/importers/python_importer.py","lineno":238,"name":"parse"},{"filename":"<frozen importlib._bootstrap_external>","lineno":1019,"name":"exec_module"},{"filename":"<frozen importlib._bootstrap_external>","lineno":1157,"name":"get_code"},{"filename":"<frozen importlib._bootstrap_external>","lineno":1087,"name":"source_to_code"},{"filename":"<frozen importlib._bootstrap>","lineno":488,"name":"_call_with_frames_removed"}],"is_group":false,"exceptions":[]}]}
{"timestamp":"2026-05-22T13:46:45.940793Z","level":"error","event":"Error loading DAG from bronze_layer.py: expected an indented block after 'with' statement on line 170 (bronze_layer.py, line 171)","logger":"airflow.dag_processing.dagbag.BundleDagBag","filename":"dagbag.py","lineno":327}
{"timestamp":"2026-05-22T13:46:51.589980Z","level":"info","event":"Filling up the DagBag from /opt/airflow/dags/bronze_layer.py","logger":"airflow.dag_processing.dagbag.BundleDagBag","filename":"dagbag.py","lineno":469}
{"timestamp":"2026-05-22T13:46:51.601734Z","level":"error","event":"Failed to import: /opt/airflow/dags/bronze_layer.py","logger":"airflow.dag_processing.importers.python_importer","filename":"python_importer.py","lineno":244,"error_detail":[{"exc_type":"IndentationError","exc_value":"expected an indented block after 'with' statement on line 170 (bronze_layer.py, line 171)","exc_notes":[],"syntax_error":{"offset":5,"filename":"/opt/airflow/dags/bronze_layer.py","line":"    links = [line.strip() for line in f.readlines() if line.strip()]\n","lineno":171,"msg":"expected an indented block after 'with' statement on line 170"},"is_cause":false,"frames":[{"filename":"/home/airflow/.local/lib/python3.13/site-packages/airflow/dag_processing/importers/python_importer.py","lineno":238,"name":"parse"},{"filename":"<frozen importlib._bootstrap_external>","lineno":1019,"name":"exec_module"},{"filename":"<frozen importlib._bootstrap_external>","lineno":1157,"name":"get_code"},{"filename":"<frozen importlib._bootstrap_external>","lineno":1087,"name":"source_to_code"},{"filename":"<frozen importlib._bootstrap>","lineno":488,"name":"_call_with_frames_removed"}],"is_group":false,"exceptions":[]}]}
{"timestamp":"2026-05-22T13:46:51.609601Z","level":"error","event":"Error loading DAG from bronze_layer.py: expected an indented block after 'with' statement on line 170 (bronze_layer.py, line 171)","logger":"airflow.dag_processing.dagbag.BundleDagBag","filename":"dagbag.py","lineno":327}
{"timestamp":"2026-05-22T13:47:08.257247Z","level":"info","event":"Filling up the DagBag from /opt/airflow/dags/bronze_layer.py","logger":"airflow.dag_processing.dagbag.BundleDagBag","filename":"dagbag.py","lineno":469}
{"timestamp":"2026-05-22T13:47:08.313636Z","level":"error","event":"Failed to import: /opt/airflow/dags/bronze_layer.py","logger":"airflow.dag_processing.importers.python_importer","filename":"python_importer.py","lineno":244,"error_detail":[{"exc_type":"NameError","exc_value":"name 'links' is not defined","exc_notes":[],"syntax_error":null,"is_cause":false,"frames":[{"filename":"/home/airflow/.local/lib/python3.13/site-packages/airflow/dag_processing/importers/python_importer.py","lineno":238,"name":"parse"},{"filename":"<frozen importlib._bootstrap_external>","lineno":1023,"name":"exec_module"},{"filename":"<frozen importlib._bootstrap>","lineno":488,"name":"_call_with_frames_removed"},{"filename":"/opt/airflow/dags/bronze_layer.py","lineno":180,"name":"<module>"},{"filename":"/home/airflow/.local/lib/python3.13/site-packages/airflow/sdk/definitions/dag.py","lineno":1629,"name":"factory"},{"filename":"/opt/airflow/dags/bronze_layer.py","lineno":174,"name":"bronze_layer"}],"is_group":false,"exceptions":[]}]}
{"timestamp":"2026-05-22T13:47:08.322363Z","level":"error","event":"Error loading DAG from bronze_layer.py: name 'links' is not defined","logger":"airflow.dag_processing.dagbag.BundleDagBag","filename":"dagbag.py","lineno":327}
{"timestamp":"2026-05-22T13:47:24.944666Z","level":"info","event":"Filling up the DagBag from /opt/airflow/dags/bronze_layer.py","logger":"airflow.dag_processing.dagbag.BundleDagBag","filename":"dagbag.py","lineno":469}
{"timestamp":"2026-05-22T13:47:24.984625Z","level":"error","event":"Failed to import: /opt/airflow/dags/bronze_layer.py","logger":"airflow.dag_processing.importers.python_importer","filename":"python_importer.py","lineno":244,"error_detail":[{"exc_type":"NameError","exc_value":"name 'links' is not defined","exc_notes":[],"syntax_error":null,"is_cause":false,"frames":[{"filename":"/home/airflow/.local/lib/python3.13/site-packages/airflow/dag_processing/importers/python_importer.py","lineno":238,"name":"parse"},{"filename":"<frozen importlib._bootstrap_external>","lineno":1023,"name":"exec_module"},{"filename":"<frozen importlib._bootstrap>","lineno":488,"name":"_call_with_frames_removed"},{"filename":"/opt/airflow/dags/bronze_layer.py","lineno":182,"name":"<module>"},{"filename":"/home/airflow/.local/lib/python3.13/site-packages/airflow/sdk/definitions/dag.py","lineno":1629,"name":"factory"},{"filename":"/opt/airflow/dags/bronze_layer.py","lineno":176,"name":"bronze_layer"}],"is_group":false,"exceptions":[]}]}
{"timestamp":"2026-05-22T13:47:24.995228Z","level":"error","event":"Error loading DAG from bronze_layer.py: name 'links' is not defined","logger":"airflow.dag_processing.dagbag.BundleDagBag","filename":"dagbag.py","lineno":327}
{"timestamp":"2026-05-22T13:47:35.696542Z","level":"info","event":"Filling up the DagBag from /opt/airflow/dags/bronze_layer.py","logger":"airflow.dag_processing.dagbag.BundleDagBag","filename":"dagbag.py","lineno":469}
{"timestamp":"2026-05-22T13:47:35.816311Z","level":"error","event":"Failed to import: /opt/airflow/dags/bronze_layer.py","logger":"airflow.dag_processing.importers.python_importer","filename":"python_importer.py","lineno":244,"error_detail":[{"exc_type":"NameError","exc_value":"name 'links' is not defined","exc_notes":[],"syntax_error":null,"is_cause":false,"frames":[{"filename":"/home/airflow/.local/lib/python3.13/site-packages/airflow/dag_processing/importers/python_importer.py","lineno":238,"name":"parse"},{"filename":"<frozen importlib._bootstrap_external>","lineno":1023,"name":"exec_module"},{"filename":"<frozen importlib._bootstrap>","lineno":488,"name":"_call_with_frames_removed"},{"filename":"/opt/airflow/dags/bronze_layer.py","lineno":182,"name":"<module>"},{"filename":"/home/airflow/.local/lib/python3.13/site-packages/airflow/sdk/definitions/dag.py","lineno":1629,"name":"factory"},{"filename":"/opt/airflow/dags/bronze_layer.py","lineno":176,"name":"bronze_layer"}],"is_group":false,"exceptions":[]}]}
{"timestamp":"2026-05-22T13:47:35.829999Z","level":"error","event":"Error loading DAG from bronze_layer.py: name 'links' is not defined","logger":"airflow.dag_processing.dagbag.BundleDagBag","filename":"dagbag.py","lineno":327}
{"timestamp":"2026-05-22T13:47:44.812020Z","level":"info","event":"Filling up the DagBag from /opt/airflow/dags/bronze_layer.py","logger":"airflow.dag_processing.dagbag.BundleDagBag","filename":"dagbag.py","lineno":469}
{"timestamp":"2026-05-22T13:47:44.836609Z","level":"error","event":"Failed to import: /opt/airflow/dags/bronze_layer.py","logger":"airflow.dag_processing.importers.python_importer","filename":"python_importer.py","lineno":244,"error_detail":[{"exc_type":"NameError","exc_value":"name 'links' is not defined","exc_notes":[],"syntax_error":null,"is_cause":false,"frames":[{"filename":"/home/airflow/.local/lib/python3.13/site-packages/airflow/dag_processing/importers/python_importer.py","lineno":238,"name":"parse"},{"filename":"<frozen importlib._bootstrap_external>","lineno":1023,"name":"exec_module"},{"filename":"<frozen importlib._bootstrap>","lineno":488,"name":"_call_with_frames_removed"},{"filename":"/opt/airflow/dags/bronze_layer.py","lineno":182,"name":"<module>"},{"filename":"/home/airflow/.local/lib/python3.13/site-packages/airflow/sdk/definitions/dag.py","lineno":1629,"name":"factory"},{"filename":"/opt/airflow/dags/bronze_layer.py","lineno":176,"name":"bronze_layer"}],"is_group":false,"exceptions":[]}]}
{"timestamp":"2026-05-22T13:47:44.841567Z","level":"error","event":"Error loading DAG from bronze_layer.py: name 'links' is not defined","logger":"airflow.dag_processing.dagbag.BundleDagBag","filename":"dagbag.py","lineno":327}
{"timestamp":"2026-05-22T13:48:00.062176Z","level":"info","event":"Filling up the DagBag from /opt/airflow/dags/bronze_layer.py","logger":"airflow.dag_processing.dagbag.BundleDagBag","filename":"dagbag.py","lineno":469}
{"timestamp":"2026-05-22T13:48:30.897338Z","level":"info","event":"Filling up the DagBag from /opt/airflow/dags/bronze_layer.py","logger":"airflow.dag_processing.dagbag.BundleDagBag","filename":"dagbag.py","lineno":469}
{"timestamp":"2026-05-22T13:49:02.700113Z","level":"info","event":"Filling up the DagBag from /opt/airflow/dags/bronze_layer.py","logger":"airflow.dag_processing.dagbag.BundleDagBag","filename":"dagbag.py","lineno":469}
{"timestamp":"2026-05-22T13:49:08.889017Z","level":"info","event":"Filling up the DagBag from /opt/airflow/dags/bronze_layer.py","logger":"airflow.dag_processing.dagbag.BundleDagBag","filename":"dagbag.py","lineno":469}
{"timestamp":"2026-05-22T13:49:41.655233Z","level":"info","event":"Filling up the DagBag from /opt/airflow/dags/bronze_layer.py","logger":"airflow.dag_processing.dagbag.BundleDagBag","filename":"dagbag.py","lineno":469}
{"timestamp":"2026-05-22T13:50:12.104162Z","level":"info","event":"Filling up the DagBag from /opt/airflow/dags/bronze_layer.py","logger":"airflow.dag_processing.dagbag.BundleDagBag","filename":"dagbag.py","lineno":469}
{"timestamp":"2026-05-22T13:50:43.585829Z","level":"info","event":"Filling up the DagBag from /opt/airflow/dags/bronze_layer.py","logger":"airflow.dag_processing.dagbag.BundleDagBag","filename":"dagbag.py","lineno":469}
{"timestamp":"2026-05-22T13:51:13.950724Z","level":"info","event":"Filling up the DagBag from /opt/airflow/dags/bronze_layer.py","logger":"airflow.dag_processing.dagbag.BundleDagBag","filename":"dagbag.py","lineno":469}
{"timestamp":"2026-05-22T13:51:44.656954Z","level":"info","event":"Filling up the DagBag from /opt/airflow/dags/bronze_layer.py","logger":"airflow.dag_processing.dagbag.BundleDagBag","filename":"dagbag.py","lineno":469}
{"timestamp":"2026-05-22T13:52:15.709997Z","level":"info","event":"Filling up the DagBag from /opt/airflow/dags/bronze_layer.py","logger":"airflow.dag_processing.dagbag.BundleDagBag","filename":"dagbag.py","lineno":469}
{"timestamp":"2026-05-22T13:52:46.902845Z","level":"info","event":"Filling up the DagBag from /opt/airflow/dags/bronze_layer.py","logger":"airflow.dag_processing.dagbag.BundleDagBag","filename":"dagbag.py","lineno":469}
{"timestamp":"2026-05-22T13:53:18.533079Z","level":"info","event":"Filling up the DagBag from /opt/airflow/dags/bronze_layer.py","logger":"airflow.dag_processing.dagbag.BundleDagBag","filename":"dagbag.py","lineno":469}
{"timestamp":"2026-05-22T13:53:49.882200Z","level":"info","event":"Filling up the DagBag from /opt/airflow/dags/bronze_layer.py","logger":"airflow.dag_processing.dagbag.BundleDagBag","filename":"dagbag.py","lineno":469}
{"timestamp":"2026-05-22T13:54:20.378961Z","level":"info","event":"Filling up the DagBag from /opt/airflow/dags/bronze_layer.py","logger":"airflow.dag_processing.dagbag.BundleDagBag","filename":"dagbag.py","lineno":469}
{"timestamp":"2026-05-22T13:54:51.131876Z","level":"info","event":"Filling up the DagBag from /opt/airflow/dags/bronze_layer.py","logger":"airflow.dag_processing.dagbag.BundleDagBag","filename":"dagbag.py","lineno":469}
{"timestamp":"2026-05-22T13:55:23.006690Z","level":"info","event":"Filling up the DagBag from /opt/airflow/dags/bronze_layer.py","logger":"airflow.dag_processing.dagbag.BundleDagBag","filename":"dagbag.py","lineno":469}
{"timestamp":"2026-05-22T13:55:54.305360Z","level":"info","event":"Filling up the DagBag from /opt/airflow/dags/bronze_layer.py","logger":"airflow.dag_processing.dagbag.BundleDagBag","filename":"dagbag.py","lineno":469}
{"timestamp":"2026-05-22T13:56:24.737335Z","level":"info","event":"Filling up the DagBag from /opt/airflow/dags/bronze_layer.py","logger":"airflow.dag_processing.dagbag.BundleDagBag","filename":"dagbag.py","lineno":469}
{"timestamp":"2026-05-22T13:56:55.916614Z","level":"info","event":"Filling up the DagBag from /opt/airflow/dags/bronze_layer.py","logger":"airflow.dag_processing.dagbag.BundleDagBag","filename":"dagbag.py","lineno":469}
{"timestamp":"2026-05-22T13:57:26.903164Z","level":"info","event":"Filling up the DagBag from /opt/airflow/dags/bronze_layer.py","logger":"airflow.dag_processing.dagbag.BundleDagBag","filename":"dagbag.py","lineno":469}
{"timestamp":"2026-05-22T13:58:01.064421Z","level":"info","event":"Filling up the DagBag from /opt/airflow/dags/bronze_layer.py","logger":"airflow.dag_processing.dagbag.BundleDagBag","filename":"dagbag.py","lineno":469}
{"timestamp":"2026-05-22T13:58:32.776735Z","level":"info","event":"Filling up the DagBag from /opt/airflow/dags/bronze_layer.py","logger":"airflow.dag_processing.dagbag.BundleDagBag","filename":"dagbag.py","lineno":469}
{"timestamp":"2026-05-22T13:59:03.910528Z","level":"info","event":"Filling up the DagBag from /opt/airflow/dags/bronze_layer.py","logger":"airflow.dag_processing.dagbag.BundleDagBag","filename":"dagbag.py","lineno":469}
{"timestamp":"2026-05-22T13:59:34.334383Z","level":"info","event":"Filling up the DagBag from /opt/airflow/dags/bronze_layer.py","logger":"airflow.dag_processing.dagbag.BundleDagBag","filename":"dagbag.py","lineno":469}
{"timestamp":"2026-05-22T14:00:04.878633Z","level":"info","event":"Filling up the DagBag from /opt/airflow/dags/bronze_layer.py","logger":"airflow.dag_processing.dagbag.BundleDagBag","filename":"dagbag.py","lineno":469}
{"timestamp":"2026-05-22T14:00:35.102329Z","level":"info","event":"Filling up the DagBag from /opt/airflow/dags/bronze_layer.py","logger":"airflow.dag_processing.dagbag.BundleDagBag","filename":"dagbag.py","lineno":469}
{"timestamp":"2026-05-22T14:01:05.349318Z","level":"info","event":"Filling up the DagBag from /opt/airflow/dags/bronze_layer.py","logger":"airflow.dag_processing.dagbag.BundleDagBag","filename":"dagbag.py","lineno":469}
{"timestamp":"2026-05-22T14:01:36.120993Z","level":"info","event":"Filling up the DagBag from /opt/airflow/dags/bronze_layer.py","logger":"airflow.dag_processing.dagbag.BundleDagBag","filename":"dagbag.py","lineno":469}
{"timestamp":"2026-05-22T14:02:07.007941Z","level":"info","event":"Filling up the DagBag from /opt/airflow/dags/bronze_layer.py","logger":"airflow.dag_processing.dagbag.BundleDagBag","filename":"dagbag.py","lineno":469}
{"timestamp":"2026-05-22T14:02:37.260917Z","level":"info","event":"Filling up the DagBag from /opt/airflow/dags/bronze_layer.py","logger":"airflow.dag_processing.dagbag.BundleDagBag","filename":"dagbag.py","lineno":469}
{"timestamp":"2026-05-22T14:03:07.605421Z","level":"info","event":"Filling up the DagBag from /opt/airflow/dags/bronze_layer.py","logger":"airflow.dag_processing.dagbag.BundleDagBag","filename":"dagbag.py","lineno":469}
{"timestamp":"2026-05-22T14:03:38.156131Z","level":"info","event":"Filling up the DagBag from /opt/airflow/dags/bronze_layer.py","logger":"airflow.dag_processing.dagbag.BundleDagBag","filename":"dagbag.py","lineno":469}
{"timestamp":"2026-05-22T14:04:09.815405Z","level":"info","event":"Filling up the DagBag from /opt/airflow/dags/bronze_layer.py","logger":"airflow.dag_processing.dagbag.BundleDagBag","filename":"dagbag.py","lineno":469}
{"timestamp":"2026-05-22T14:04:41.488916Z","level":"info","event":"Filling up the DagBag from /opt/airflow/dags/bronze_layer.py","logger":"airflow.dag_processing.dagbag.BundleDagBag","filename":"dagbag.py","lineno":469}
{"timestamp":"2026-05-22T14:05:20.083431Z","level":"info","event":"Filling up the DagBag from /opt/airflow/dags/bronze_layer.py","logger":"airflow.dag_processing.dagbag.BundleDagBag","filename":"dagbag.py","lineno":469}
{"timestamp":"2026-05-22T14:05:50.630708Z","level":"info","event":"Filling up the DagBag from /opt/airflow/dags/bronze_layer.py","logger":"airflow.dag_processing.dagbag.BundleDagBag","filename":"dagbag.py","lineno":469}
{"timestamp":"2026-05-22T14:06:20.837996Z","level":"info","event":"Filling up the DagBag from /opt/airflow/dags/bronze_layer.py","logger":"airflow.dag_processing.dagbag.BundleDagBag","filename":"dagbag.py","lineno":469}
{"timestamp":"2026-05-22T14:06:51.442275Z","level":"info","event":"Filling up the DagBag from /opt/airflow/dags/bronze_layer.py","logger":"airflow.dag_processing.dagbag.BundleDagBag","filename":"dagbag.py","lineno":469}
{"timestamp":"2026-05-22T14:07:23.260998Z","level":"info","event":"Filling up the DagBag from /opt/airflow/dags/bronze_layer.py","logger":"airflow.dag_processing.dagbag.BundleDagBag","filename":"dagbag.py","lineno":469}
{"timestamp":"2026-05-22T14:07:54.439262Z","level":"info","event":"Filling up the DagBag from /opt/airflow/dags/bronze_layer.py","logger":"airflow.dag_processing.dagbag.BundleDagBag","filename":"dagbag.py","lineno":469}
{"timestamp":"2026-05-22T14:08:25.581438Z","level":"info","event":"Filling up the DagBag from /opt/airflow/dags/bronze_layer.py","logger":"airflow.dag_processing.dagbag.BundleDagBag","filename":"dagbag.py","lineno":469}
{"timestamp":"2026-05-22T14:08:56.541146Z","level":"info","event":"Filling up the DagBag from /opt/airflow/dags/bronze_layer.py","logger":"airflow.dag_processing.dagbag.BundleDagBag","filename":"dagbag.py","lineno":469}
{"timestamp":"2026-05-22T14:09:27.070394Z","level":"info","event":"Filling up the DagBag from /opt/airflow/dags/bronze_layer.py","logger":"airflow.dag_processing.dagbag.BundleDagBag","filename":"dagbag.py","lineno":469}
{"timestamp":"2026-05-22T14:09:58.047349Z","level":"info","event":"Filling up the DagBag from /opt/airflow/dags/bronze_layer.py","logger":"airflow.dag_processing.dagbag.BundleDagBag","filename":"dagbag.py","lineno":469}
{"timestamp":"2026-05-22T14:10:29.814252Z","level":"info","event":"Filling up the DagBag from /opt/airflow/dags/bronze_layer.py","logger":"airflow.dag_processing.dagbag.BundleDagBag","filename":"dagbag.py","lineno":469}
{"timestamp":"2026-05-22T14:11:00.413656Z","level":"info","event":"Filling up the DagBag from /opt/airflow/dags/bronze_layer.py","logger":"airflow.dag_processing.dagbag.BundleDagBag","filename":"dagbag.py","lineno":469}
{"timestamp":"2026-05-22T14:11:30.748960Z","level":"info","event":"Filling up the DagBag from /opt/airflow/dags/bronze_layer.py","logger":"airflow.dag_processing.dagbag.BundleDagBag","filename":"dagbag.py","lineno":469}
{"timestamp":"2026-05-22T14:12:01.818195Z","level":"info","event":"Filling up the DagBag from /opt/airflow/dags/bronze_layer.py","logger":"airflow.dag_processing.dagbag.BundleDagBag","filename":"dagbag.py","lineno":469}
{"timestamp":"2026-05-22T14:12:32.110543Z","level":"info","event":"Filling up the DagBag from /opt/airflow/dags/bronze_layer.py","logger":"airflow.dag_processing.dagbag.BundleDagBag","filename":"dagbag.py","lineno":469}
{"timestamp":"2026-05-22T14:13:02.934979Z","level":"info","event":"Filling up the DagBag from /opt/airflow/dags/bronze_layer.py","logger":"airflow.dag_processing.dagbag.BundleDagBag","filename":"dagbag.py","lineno":469}
{"timestamp":"2026-05-22T14:13:33.742124Z","level":"info","event":"Filling up the DagBag from /opt/airflow/dags/bronze_layer.py","logger":"airflow.dag_processing.dagbag.BundleDagBag","filename":"dagbag.py","lineno":469}
{"timestamp":"2026-05-22T14:14:04.180134Z","level":"info","event":"Filling up the DagBag from /opt/airflow/dags/bronze_layer.py","logger":"airflow.dag_processing.dagbag.BundleDagBag","filename":"dagbag.py","lineno":469}
{"timestamp":"2026-05-22T14:14:34.522540Z","level":"info","event":"Filling up the DagBag from /opt/airflow/dags/bronze_layer.py","logger":"airflow.dag_processing.dagbag.BundleDagBag","filename":"dagbag.py","lineno":469}
{"timestamp":"2026-05-22T14:15:06.297680Z","level":"info","event":"Filling up the DagBag from /opt/airflow/dags/bronze_layer.py","logger":"airflow.dag_processing.dagbag.BundleDagBag","filename":"dagbag.py","lineno":469}
{"timestamp":"2026-05-22T14:15:37.515030Z","level":"info","event":"Filling up the DagBag from /opt/airflow/dags/bronze_layer.py","logger":"airflow.dag_processing.dagbag.BundleDagBag","filename":"dagbag.py","lineno":469}
{"timestamp":"2026-05-22T14:16:08.470359Z","level":"info","event":"Filling up the DagBag from /opt/airflow/dags/bronze_layer.py","logger":"airflow.dag_processing.dagbag.BundleDagBag","filename":"dagbag.py","lineno":469}
{"timestamp":"2026-05-22T14:16:38.951338Z","level":"info","event":"Filling up the DagBag from /opt/airflow/dags/bronze_layer.py","logger":"airflow.dag_processing.dagbag.BundleDagBag","filename":"dagbag.py","lineno":469}
{"timestamp":"2026-05-22T14:17:10.264715Z","level":"info","event":"Filling up the DagBag from /opt/airflow/dags/bronze_layer.py","logger":"airflow.dag_processing.dagbag.BundleDagBag","filename":"dagbag.py","lineno":469}
{"timestamp":"2026-05-22T14:17:40.946951Z","level":"info","event":"Filling up the DagBag from /opt/airflow/dags/bronze_layer.py","logger":"airflow.dag_processing.dagbag.BundleDagBag","filename":"dagbag.py","lineno":469}
{"timestamp":"2026-05-22T14:18:11.883294Z","level":"info","event":"Filling up the DagBag from /opt/airflow/dags/bronze_layer.py","logger":"airflow.dag_processing.dagbag.BundleDagBag","filename":"dagbag.py","lineno":469}
{"timestamp":"2026-05-22T14:18:42.092016Z","level":"info","event":"Filling up the DagBag from /opt/airflow/dags/bronze_layer.py","logger":"airflow.dag_processing.dagbag.BundleDagBag","filename":"dagbag.py","lineno":469}
{"timestamp":"2026-05-22T14:19:13.740447Z","level":"info","event":"Filling up the DagBag from /opt/airflow/dags/bronze_layer.py","logger":"airflow.dag_processing.dagbag.BundleDagBag","filename":"dagbag.py","lineno":469}
{"timestamp":"2026-05-22T14:19:44.629363Z","level":"info","event":"Filling up the DagBag from /opt/airflow/dags/bronze_layer.py","logger":"airflow.dag_processing.dagbag.BundleDagBag","filename":"dagbag.py","lineno":469}
{"timestamp":"2026-05-22T14:20:15.281109Z","level":"info","event":"Filling up the DagBag from /opt/airflow/dags/bronze_layer.py","logger":"airflow.dag_processing.dagbag.BundleDagBag","filename":"dagbag.py","lineno":469}
{"timestamp":"2026-05-22T14:20:46.750412Z","level":"info","event":"Filling up the DagBag from /opt/airflow/dags/bronze_layer.py","logger":"airflow.dag_processing.dagbag.BundleDagBag","filename":"dagbag.py","lineno":469}
{"timestamp":"2026-05-22T14:21:17.290971Z","level":"info","event":"Filling up the DagBag from /opt/airflow/dags/bronze_layer.py","logger":"airflow.dag_processing.dagbag.BundleDagBag","filename":"dagbag.py","lineno":469}
{"timestamp":"2026-05-22T14:21:31.961762Z","level":"info","event":"Filling up the DagBag from /opt/airflow/dags/bronze_layer.py","logger":"airflow.dag_processing.dagbag.BundleDagBag","filename":"dagbag.py","lineno":469}
{"timestamp":"2026-05-22T14:21:40.284974Z","level":"info","event":"Filling up the DagBag from /opt/airflow/dags/bronze_layer.py","logger":"airflow.dag_processing.dagbag.BundleDagBag","filename":"dagbag.py","lineno":469}
{"timestamp":"2026-05-22T14:21:50.335212Z","level":"info","event":"Filling up the DagBag from /opt/airflow/dags/bronze_layer.py","logger":"airflow.dag_processing.dagbag.BundleDagBag","filename":"dagbag.py","lineno":469}
{"timestamp":"2026-05-22T14:22:21.169205Z","level":"info","event":"Filling up the DagBag from /opt/airflow/dags/bronze_layer.py","logger":"airflow.dag_processing.dagbag.BundleDagBag","filename":"dagbag.py","lineno":469}
{"timestamp":"2026-05-22T14:22:52.017406Z","level":"info","event":"Filling up the DagBag from /opt/airflow/dags/bronze_layer.py","logger":"airflow.dag_processing.dagbag.BundleDagBag","filename":"dagbag.py","lineno":469}
{"timestamp":"2026-05-22T14:22:57.795248Z","level":"info","event":"Filling up the DagBag from /opt/airflow/dags/bronze_layer.py","logger":"airflow.dag_processing.dagbag.BundleDagBag","filename":"dagbag.py","lineno":469}
{"timestamp":"2026-05-22T14:23:17.436338Z","level":"info","event":"Filling up the DagBag from /opt/airflow/dags/bronze_layer.py","logger":"airflow.dag_processing.dagbag.BundleDagBag","filename":"dagbag.py","lineno":469}
{"timestamp":"2026-05-22T14:23:48.063567Z","level":"info","event":"Filling up the DagBag from /opt/airflow/dags/bronze_layer.py","logger":"airflow.dag_processing.dagbag.BundleDagBag","filename":"dagbag.py","lineno":469}
{"timestamp":"2026-05-22T14:24:15.253338Z","level":"info","event":"Filling up the DagBag from /opt/airflow/dags/bronze_layer.py","logger":"airflow.dag_processing.dagbag.BundleDagBag","filename":"dagbag.py","lineno":469}
{"timestamp":"2026-05-22T14:24:45.582352Z","level":"info","event":"Filling up the DagBag from /opt/airflow/dags/bronze_layer.py","logger":"airflow.dag_processing.dagbag.BundleDagBag","filename":"dagbag.py","lineno":469}
{"timestamp":"2026-05-22T14:25:08.976351Z","level":"info","event":"Filling up the DagBag from /opt/airflow/dags/bronze_layer.py","logger":"airflow.dag_processing.dagbag.BundleDagBag","filename":"dagbag.py","lineno":469}
{"timestamp":"2026-05-22T14:25:43.903307Z","level":"info","event":"Filling up the DagBag from /opt/airflow/dags/bronze_layer.py","logger":"airflow.dag_processing.dagbag.BundleDagBag","filename":"dagbag.py","lineno":469}
{"timestamp":"2026-05-22T14:26:14.776286Z","level":"info","event":"Filling up the DagBag from /opt/airflow/dags/bronze_layer.py","logger":"airflow.dag_processing.dagbag.BundleDagBag","filename":"dagbag.py","lineno":469}
{"timestamp":"2026-05-22T14:26:31.921428Z","level":"info","event":"Filling up the DagBag from /opt/airflow/dags/bronze_layer.py","logger":"airflow.dag_processing.dagbag.BundleDagBag","filename":"dagbag.py","lineno":469}
{"timestamp":"2026-05-22T14:26:39.929964Z","level":"info","event":"Filling up the DagBag from /opt/airflow/dags/bronze_layer.py","logger":"airflow.dag_processing.dagbag.BundleDagBag","filename":"dagbag.py","lineno":469}
{"timestamp":"2026-05-22T14:26:59.575697Z","level":"info","event":"Filling up the DagBag from /opt/airflow/dags/bronze_layer.py","logger":"airflow.dag_processing.dagbag.BundleDagBag","filename":"dagbag.py","lineno":469}
{"timestamp":"2026-05-22T14:27:30.820331Z","level":"info","event":"Filling up the DagBag from /opt/airflow/dags/bronze_layer.py","logger":"airflow.dag_processing.dagbag.BundleDagBag","filename":"dagbag.py","lineno":469}
{"timestamp":"2026-05-22T14:28:01.371794Z","level":"info","event":"Filling up the DagBag from /opt/airflow/dags/bronze_layer.py","logger":"airflow.dag_processing.dagbag.BundleDagBag","filename":"dagbag.py","lineno":469}
{"timestamp":"2026-05-22T14:28:31.629714Z","level":"info","event":"Filling up the DagBag from /opt/airflow/dags/bronze_layer.py","logger":"airflow.dag_processing.dagbag.BundleDagBag","filename":"dagbag.py","lineno":469}
{"timestamp":"2026-05-22T14:29:03.298428Z","level":"info","event":"Filling up the DagBag from /opt/airflow/dags/bronze_layer.py","logger":"airflow.dag_processing.dagbag.BundleDagBag","filename":"dagbag.py","lineno":469}
{"timestamp":"2026-05-22T14:29:34.175192Z","level":"info","event":"Filling up the DagBag from /opt/airflow/dags/bronze_layer.py","logger":"airflow.dag_processing.dagbag.BundleDagBag","filename":"dagbag.py","lineno":469}
{"timestamp":"2026-05-22T14:30:05.465753Z","level":"info","event":"Filling up the DagBag from /opt/airflow/dags/bronze_layer.py","logger":"airflow.dag_processing.dagbag.BundleDagBag","filename":"dagbag.py","lineno":469}
{"timestamp":"2026-05-22T14:30:38.260378Z","level":"info","event":"Filling up the DagBag from /opt/airflow/dags/bronze_layer.py","logger":"airflow.dag_processing.dagbag.BundleDagBag","filename":"dagbag.py","lineno":469}
{"timestamp":"2026-05-22T14:31:09.248447Z","level":"info","event":"Filling up the DagBag from /opt/airflow/dags/bronze_layer.py","logger":"airflow.dag_processing.dagbag.BundleDagBag","filename":"dagbag.py","lineno":469}
{"timestamp":"2026-05-22T14:31:29.319343Z","level":"info","event":"Filling up the DagBag from /opt/airflow/dags/bronze_layer.py","logger":"airflow.dag_processing.dagbag.BundleDagBag","filename":"dagbag.py","lineno":469}
{"timestamp":"2026-05-22T14:31:59.640339Z","level":"info","event":"Filling up the DagBag from /opt/airflow/dags/bronze_layer.py","logger":"airflow.dag_processing.dagbag.BundleDagBag","filename":"dagbag.py","lineno":469}
{"timestamp":"2026-05-22T14:32:30.210293Z","level":"info","event":"Filling up the DagBag from /opt/airflow/dags/bronze_layer.py","logger":"airflow.dag_processing.dagbag.BundleDagBag","filename":"dagbag.py","lineno":469}
{"timestamp":"2026-05-22T14:33:02.728863Z","level":"info","event":"Filling up the DagBag from /opt/airflow/dags/bronze_layer.py","logger":"airflow.dag_processing.dagbag.BundleDagBag","filename":"dagbag.py","lineno":469}
{"timestamp":"2026-05-22T14:33:33.072550Z","level":"info","event":"Filling up the DagBag from /opt/airflow/dags/bronze_layer.py","logger":"airflow.dag_processing.dagbag.BundleDagBag","filename":"dagbag.py","lineno":469}
{"timestamp":"2026-05-22T14:34:03.966277Z","level":"info","event":"Filling up the DagBag from /opt/airflow/dags/bronze_layer.py","logger":"airflow.dag_processing.dagbag.BundleDagBag","filename":"dagbag.py","lineno":469}
{"timestamp":"2026-05-22T14:34:34.973091Z","level":"info","event":"Filling up the DagBag from /opt/airflow/dags/bronze_layer.py","logger":"airflow.dag_processing.dagbag.BundleDagBag","filename":"dagbag.py","lineno":469}
{"timestamp":"2026-05-22T14:35:05.735615Z","level":"info","event":"Filling up the DagBag from /opt/airflow/dags/bronze_layer.py","logger":"airflow.dag_processing.dagbag.BundleDagBag","filename":"dagbag.py","lineno":469}
{"timestamp":"2026-05-22T14:35:35.969299Z","level":"info","event":"Filling up the DagBag from /opt/airflow/dags/bronze_layer.py","logger":"airflow.dag_processing.dagbag.BundleDagBag","filename":"dagbag.py","lineno":469}
{"timestamp":"2026-05-22T14:36:11.587604Z","level":"info","event":"Filling up the DagBag from /opt/airflow/dags/bronze_layer.py","logger":"airflow.dag_processing.dagbag.BundleDagBag","filename":"dagbag.py","lineno":469}
{"timestamp":"2026-05-22T14:36:22.749881Z","level":"info","event":"Filling up the DagBag from /opt/airflow/dags/bronze_layer.py","logger":"airflow.dag_processing.dagbag.BundleDagBag","filename":"dagbag.py","lineno":469}
{"timestamp":"2026-05-22T14:36:29.962567Z","level":"info","event":"Filling up the DagBag from /opt/airflow/dags/bronze_layer.py","logger":"airflow.dag_processing.dagbag.BundleDagBag","filename":"dagbag.py","lineno":469}
{"timestamp":"2026-05-22T14:36:55.862712Z","level":"info","event":"Filling up the DagBag from /opt/airflow/dags/bronze_layer.py","logger":"airflow.dag_processing.dagbag.BundleDagBag","filename":"dagbag.py","lineno":469}
{"timestamp":"2026-05-22T14:37:26.621556Z","level":"info","event":"Filling up the DagBag from /opt/airflow/dags/bronze_layer.py","logger":"airflow.dag_processing.dagbag.BundleDagBag","filename":"dagbag.py","lineno":469}
{"timestamp":"2026-05-22T14:37:56.954461Z","level":"info","event":"Filling up the DagBag from /opt/airflow/dags/bronze_layer.py","logger":"airflow.dag_processing.dagbag.BundleDagBag","filename":"dagbag.py","lineno":469}
{"timestamp":"2026-05-22T14:38:07.380897Z","level":"info","event":"Filling up the DagBag from /opt/airflow/dags/bronze_layer.py","logger":"airflow.dag_processing.dagbag.BundleDagBag","filename":"dagbag.py","lineno":469}
{"timestamp":"2026-05-22T14:38:14.584517Z","level":"info","event":"Filling up the DagBag from /opt/airflow/dags/bronze_layer.py","logger":"airflow.dag_processing.dagbag.BundleDagBag","filename":"dagbag.py","lineno":469}
{"timestamp":"2026-05-22T14:38:15.779800Z","level":"info","event":"Filling up the DagBag from /opt/airflow/dags/bronze_layer.py","logger":"airflow.dag_processing.dagbag.BundleDagBag","filename":"dagbag.py","lineno":469}
{"timestamp":"2026-05-22T14:38:46.019848Z","level":"info","event":"Filling up the DagBag from /opt/airflow/dags/bronze_layer.py","logger":"airflow.dag_processing.dagbag.BundleDagBag","filename":"dagbag.py","lineno":469}
{"timestamp":"2026-05-22T14:39:07.395227Z","level":"info","event":"Filling up the DagBag from /opt/airflow/dags/bronze_layer.py","logger":"airflow.dag_processing.dagbag.BundleDagBag","filename":"dagbag.py","lineno":469}
{"timestamp":"2026-05-22T14:39:12.484516Z","level":"info","event":"Filling up the DagBag from /opt/airflow/dags/bronze_layer.py","logger":"airflow.dag_processing.dagbag.BundleDagBag","filename":"dagbag.py","lineno":469}
{"timestamp":"2026-05-22T14:39:28.975269Z","level":"info","event":"Filling up the DagBag from /opt/airflow/dags/bronze_layer.py","logger":"airflow.dag_processing.dagbag.BundleDagBag","filename":"dagbag.py","lineno":469}
{"timestamp":"2026-05-22T14:39:32.816822Z","level":"info","event":"Filling up the DagBag from /opt/airflow/dags/bronze_layer.py","logger":"airflow.dag_processing.dagbag.BundleDagBag","filename":"dagbag.py","lineno":469}
{"timestamp":"2026-05-22T14:39:35.020099Z","level":"info","event":"Filling up the DagBag from /opt/airflow/dags/bronze_layer.py","logger":"airflow.dag_processing.dagbag.BundleDagBag","filename":"dagbag.py","lineno":469}
{"timestamp":"2026-05-22T14:39:38.569244Z","level":"info","event":"Filling up the DagBag from /opt/airflow/dags/bronze_layer.py","logger":"airflow.dag_processing.dagbag.BundleDagBag","filename":"dagbag.py","lineno":469}
{"timestamp":"2026-05-22T14:40:09.967950Z","level":"info","event":"Filling up the DagBag from /opt/airflow/dags/bronze_layer.py","logger":"airflow.dag_processing.dagbag.BundleDagBag","filename":"dagbag.py","lineno":469}
{"timestamp":"2026-05-22T14:40:41.048903Z","level":"info","event":"Filling up the DagBag from /opt/airflow/dags/bronze_layer.py","logger":"airflow.dag_processing.dagbag.BundleDagBag","filename":"dagbag.py","lineno":469}
{"timestamp":"2026-05-22T14:40:47.715078Z","level":"info","event":"Filling up the DagBag from /opt/airflow/dags/bronze_layer.py","logger":"airflow.dag_processing.dagbag.BundleDagBag","filename":"dagbag.py","lineno":469}
{"timestamp":"2026-05-22T14:40:47.723343Z","level":"error","event":"Failed to import: /opt/airflow/dags/bronze_layer.py","logger":"airflow.dag_processing.importers.python_importer","filename":"python_importer.py","lineno":244,"error_detail":[{"exc_type":"SyntaxError","exc_value":"invalid syntax (bronze_layer.py, line 171)","exc_notes":[],"syntax_error":{"offset":5,"filename":"/opt/airflow/dags/bronze_layer.py","line":"    crm_files = [\n","lineno":171,"msg":"invalid syntax"},"is_cause":false,"frames":[{"filename":"/home/airflow/.local/lib/python3.13/site-packages/airflow/dag_processing/importers/python_importer.py","lineno":238,"name":"parse"},{"filename":"<frozen importlib._bootstrap_external>","lineno":1019,"name":"exec_module"},{"filename":"<frozen importlib._bootstrap_external>","lineno":1157,"name":"get_code"},{"filename":"<frozen importlib._bootstrap_external>","lineno":1087,"name":"source_to_code"},{"filename":"<frozen importlib._bootstrap>","lineno":488,"name":"_call_with_frames_removed"}],"is_group":false,"exceptions":[]}]}
{"timestamp":"2026-05-22T14:40:47.731232Z","level":"error","event":"Error loading DAG from bronze_layer.py: invalid syntax (bronze_layer.py, line 171)","logger":"airflow.dag_processing.dagbag.BundleDagBag","filename":"dagbag.py","lineno":327}
{"timestamp":"2026-05-22T14:41:17.909049Z","level":"info","event":"Filling up the DagBag from /opt/airflow/dags/bronze_layer.py","logger":"airflow.dag_processing.dagbag.BundleDagBag","filename":"dagbag.py","lineno":469}
{"timestamp":"2026-05-22T14:41:17.916939Z","level":"error","event":"Failed to import: /opt/airflow/dags/bronze_layer.py","logger":"airflow.dag_processing.importers.python_importer","filename":"python_importer.py","lineno":244,"error_detail":[{"exc_type":"SyntaxError","exc_value":"invalid syntax (bronze_layer.py, line 171)","exc_notes":[],"syntax_error":{"offset":5,"filename":"/opt/airflow/dags/bronze_layer.py","line":"    crm_files = [\n","lineno":171,"msg":"invalid syntax"},"is_cause":false,"frames":[{"filename":"/home/airflow/.local/lib/python3.13/site-packages/airflow/dag_processing/importers/python_importer.py","lineno":238,"name":"parse"},{"filename":"<frozen importlib._bootstrap_external>","lineno":1019,"name":"exec_module"},{"filename":"<frozen importlib._bootstrap_external>","lineno":1157,"name":"get_code"},{"filename":"<frozen importlib._bootstrap_external>","lineno":1087,"name":"source_to_code"},{"filename":"<frozen importlib._bootstrap>","lineno":488,"name":"_call_with_frames_removed"}],"is_group":false,"exceptions":[]}]}
{"timestamp":"2026-05-22T14:41:17.919161Z","level":"error","event":"Error loading DAG from bronze_layer.py: invalid syntax (bronze_layer.py, line 171)","logger":"airflow.dag_processing.dagbag.BundleDagBag","filename":"dagbag.py","lineno":327}
{"timestamp":"2026-05-22T14:41:51.629758Z","level":"info","event":"Filling up the DagBag from /opt/airflow/dags/bronze_layer.py","logger":"airflow.dag_processing.dagbag.BundleDagBag","filename":"dagbag.py","lineno":469}
{"timestamp":"2026-05-22T14:41:51.647587Z","level":"error","event":"Failed to import: /opt/airflow/dags/bronze_layer.py","logger":"airflow.dag_processing.importers.python_importer","filename":"python_importer.py","lineno":244,"error_detail":[{"exc_type":"SyntaxError","exc_value":"invalid syntax (bronze_layer.py, line 171)","exc_notes":[],"syntax_error":{"offset":5,"filename":"/opt/airflow/dags/bronze_layer.py","line":"    crm_files = [\n","lineno":171,"msg":"invalid syntax"},"is_cause":false,"frames":[{"filename":"/home/airflow/.local/lib/python3.13/site-packages/airflow/dag_processing/importers/python_importer.py","lineno":238,"name":"parse"},{"filename":"<frozen importlib._bootstrap_external>","lineno":1019,"name":"exec_module"},{"filename":"<frozen importlib._bootstrap_external>","lineno":1157,"name":"get_code"},{"filename":"<frozen importlib._bootstrap_external>","lineno":1087,"name":"source_to_code"},{"filename":"<frozen importlib._bootstrap>","lineno":488,"name":"_call_with_frames_removed"}],"is_group":false,"exceptions":[]}]}
{"timestamp":"2026-05-22T14:41:51.650070Z","level":"error","event":"Error loading DAG from bronze_layer.py: invalid syntax (bronze_layer.py, line 171)","logger":"airflow.dag_processing.dagbag.BundleDagBag","filename":"dagbag.py","lineno":327}
{"timestamp":"2026-05-22T14:42:21.844213Z","level":"info","event":"Filling up the DagBag from /opt/airflow/dags/bronze_layer.py","logger":"airflow.dag_processing.dagbag.BundleDagBag","filename":"dagbag.py","lineno":469}
{"timestamp":"2026-05-22T14:42:21.852928Z","level":"error","event":"Failed to import: /opt/airflow/dags/bronze_layer.py","logger":"airflow.dag_processing.importers.python_importer","filename":"python_importer.py","lineno":244,"error_detail":[{"exc_type":"SyntaxError","exc_value":"invalid syntax (bronze_layer.py, line 171)","exc_notes":[],"syntax_error":{"offset":5,"filename":"/opt/airflow/dags/bronze_layer.py","line":"    crm_files = [\n","lineno":171,"msg":"invalid syntax"},"is_cause":false,"frames":[{"filename":"/home/airflow/.local/lib/python3.13/site-packages/airflow/dag_processing/importers/python_importer.py","lineno":238,"name":"parse"},{"filename":"<frozen importlib._bootstrap_external>","lineno":1019,"name":"exec_module"},{"filename":"<frozen importlib._bootstrap_external>","lineno":1157,"name":"get_code"},{"filename":"<frozen importlib._bootstrap_external>","lineno":1087,"name":"source_to_code"},{"filename":"<frozen importlib._bootstrap>","lineno":488,"name":"_call_with_frames_removed"}],"is_group":false,"exceptions":[]}]}
{"timestamp":"2026-05-22T14:42:21.855307Z","level":"error","event":"Error loading DAG from bronze_layer.py: invalid syntax (bronze_layer.py, line 171)","logger":"airflow.dag_processing.dagbag.BundleDagBag","filename":"dagbag.py","lineno":327}
{"timestamp":"2026-05-22T14:42:52.117803Z","level":"info","event":"Filling up the DagBag from /opt/airflow/dags/bronze_layer.py","logger":"airflow.dag_processing.dagbag.BundleDagBag","filename":"dagbag.py","lineno":469}
{"timestamp":"2026-05-22T14:42:52.123358Z","level":"error","event":"Failed to import: /opt/airflow/dags/bronze_layer.py","logger":"airflow.dag_processing.importers.python_importer","filename":"python_importer.py","lineno":244,"error_detail":[{"exc_type":"SyntaxError","exc_value":"invalid syntax (bronze_layer.py, line 171)","exc_notes":[],"syntax_error":{"offset":5,"filename":"/opt/airflow/dags/bronze_layer.py","line":"    crm_files = [\n","lineno":171,"msg":"invalid syntax"},"is_cause":false,"frames":[{"filename":"/home/airflow/.local/lib/python3.13/site-packages/airflow/dag_processing/importers/python_importer.py","lineno":238,"name":"parse"},{"filename":"<frozen importlib._bootstrap_external>","lineno":1019,"name":"exec_module"},{"filename":"<frozen importlib._bootstrap_external>","lineno":1157,"name":"get_code"},{"filename":"<frozen importlib._bootstrap_external>","lineno":1087,"name":"source_to_code"},{"filename":"<frozen importlib._bootstrap>","lineno":488,"name":"_call_with_frames_removed"}],"is_group":false,"exceptions":[]}]}
{"timestamp":"2026-05-22T14:42:52.125148Z","level":"error","event":"Error loading DAG from bronze_layer.py: invalid syntax (bronze_layer.py, line 171)","logger":"airflow.dag_processing.dagbag.BundleDagBag","filename":"dagbag.py","lineno":327}
{"timestamp":"2026-05-22T14:43:22.423262Z","level":"info","event":"Filling up the DagBag from /opt/airflow/dags/bronze_layer.py","logger":"airflow.dag_processing.dagbag.BundleDagBag","filename":"dagbag.py","lineno":469}
{"timestamp":"2026-05-22T14:43:22.430705Z","level":"error","event":"Failed to import: /opt/airflow/dags/bronze_layer.py","logger":"airflow.dag_processing.importers.python_importer","filename":"python_importer.py","lineno":244,"error_detail":[{"exc_type":"SyntaxError","exc_value":"invalid syntax (bronze_layer.py, line 171)","exc_notes":[],"syntax_error":{"offset":5,"filename":"/opt/airflow/dags/bronze_layer.py","line":"    crm_files = [\n","lineno":171,"msg":"invalid syntax"},"is_cause":false,"frames":[{"filename":"/home/airflow/.local/lib/python3.13/site-packages/airflow/dag_processing/importers/python_importer.py","lineno":238,"name":"parse"},{"filename":"<frozen importlib._bootstrap_external>","lineno":1019,"name":"exec_module"},{"filename":"<frozen importlib._bootstrap_external>","lineno":1157,"name":"get_code"},{"filename":"<frozen importlib._bootstrap_external>","lineno":1087,"name":"source_to_code"},{"filename":"<frozen importlib._bootstrap>","lineno":488,"name":"_call_with_frames_removed"}],"is_group":false,"exceptions":[]}]}
{"timestamp":"2026-05-22T14:43:22.432908Z","level":"error","event":"Error loading DAG from bronze_layer.py: invalid syntax (bronze_layer.py, line 171)","logger":"airflow.dag_processing.dagbag.BundleDagBag","filename":"dagbag.py","lineno":327}
{"timestamp":"2026-05-22T14:43:30.496905Z","level":"info","event":"Filling up the DagBag from /opt/airflow/dags/bronze_layer.py","logger":"airflow.dag_processing.dagbag.BundleDagBag","filename":"dagbag.py","lineno":469}
{"timestamp":"2026-05-22T14:44:00.934230Z","level":"info","event":"Filling up the DagBag from /opt/airflow/dags/bronze_layer.py","logger":"airflow.dag_processing.dagbag.BundleDagBag","filename":"dagbag.py","lineno":469}
{"timestamp":"2026-05-22T14:44:20.350458Z","level":"info","event":"Filling up the DagBag from /opt/airflow/dags/bronze_layer.py","logger":"airflow.dag_processing.dagbag.BundleDagBag","filename":"dagbag.py","lineno":469}
{"timestamp":"2026-05-22T14:44:51.988565Z","level":"info","event":"Filling up the DagBag from /opt/airflow/dags/bronze_layer.py","logger":"airflow.dag_processing.dagbag.BundleDagBag","filename":"dagbag.py","lineno":469}
{"timestamp":"2026-05-22T14:45:23.289273Z","level":"info","event":"Filling up the DagBag from /opt/airflow/dags/bronze_layer.py","logger":"airflow.dag_processing.dagbag.BundleDagBag","filename":"dagbag.py","lineno":469}
{"timestamp":"2026-05-22T14:45:53.608897Z","level":"info","event":"Filling up the DagBag from /opt/airflow/dags/bronze_layer.py","logger":"airflow.dag_processing.dagbag.BundleDagBag","filename":"dagbag.py","lineno":469}
{"timestamp":"2026-05-22T14:46:23.981540Z","level":"info","event":"Filling up the DagBag from /opt/airflow/dags/bronze_layer.py","logger":"airflow.dag_processing.dagbag.BundleDagBag","filename":"dagbag.py","lineno":469}
{"timestamp":"2026-05-22T14:46:54.287414Z","level":"info","event":"Filling up the DagBag from /opt/airflow/dags/bronze_layer.py","logger":"airflow.dag_processing.dagbag.BundleDagBag","filename":"dagbag.py","lineno":469}
{"timestamp":"2026-05-22T14:47:25.714577Z","level":"info","event":"Filling up the DagBag from /opt/airflow/dags/bronze_layer.py","logger":"airflow.dag_processing.dagbag.BundleDagBag","filename":"dagbag.py","lineno":469}
{"timestamp":"2026-05-22T14:47:56.812546Z","level":"info","event":"Filling up the DagBag from /opt/airflow/dags/bronze_layer.py","logger":"airflow.dag_processing.dagbag.BundleDagBag","filename":"dagbag.py","lineno":469}
{"timestamp":"2026-05-22T14:48:27.798384Z","level":"info","event":"Filling up the DagBag from /opt/airflow/dags/bronze_layer.py","logger":"airflow.dag_processing.dagbag.BundleDagBag","filename":"dagbag.py","lineno":469}
{"timestamp":"2026-05-22T14:48:58.635152Z","level":"info","event":"Filling up the DagBag from /opt/airflow/dags/bronze_layer.py","logger":"airflow.dag_processing.dagbag.BundleDagBag","filename":"dagbag.py","lineno":469}
{"timestamp":"2026-05-22T14:49:29.656595Z","level":"info","event":"Filling up the DagBag from /opt/airflow/dags/bronze_layer.py","logger":"airflow.dag_processing.dagbag.BundleDagBag","filename":"dagbag.py","lineno":469}
{"timestamp":"2026-05-22T14:50:00.804512Z","level":"info","event":"Filling up the DagBag from /opt/airflow/dags/bronze_layer.py","logger":"airflow.dag_processing.dagbag.BundleDagBag","filename":"dagbag.py","lineno":469}
{"timestamp":"2026-05-22T14:50:31.130919Z","level":"info","event":"Filling up the DagBag from /opt/airflow/dags/bronze_layer.py","logger":"airflow.dag_processing.dagbag.BundleDagBag","filename":"dagbag.py","lineno":469}
{"timestamp":"2026-05-22T14:51:08.789777Z","level":"info","event":"Filling up the DagBag from /opt/airflow/dags/bronze_layer.py","logger":"airflow.dag_processing.dagbag.BundleDagBag","filename":"dagbag.py","lineno":469}
{"timestamp":"2026-05-22T14:51:39.463228Z","level":"info","event":"Filling up the DagBag from /opt/airflow/dags/bronze_layer.py","logger":"airflow.dag_processing.dagbag.BundleDagBag","filename":"dagbag.py","lineno":469}
{"timestamp":"2026-05-22T14:52:10.376689Z","level":"info","event":"Filling up the DagBag from /opt/airflow/dags/bronze_layer.py","logger":"airflow.dag_processing.dagbag.BundleDagBag","filename":"dagbag.py","lineno":469}
{"timestamp":"2026-05-22T14:52:40.675407Z","level":"info","event":"Filling up the DagBag from /opt/airflow/dags/bronze_layer.py","logger":"airflow.dag_processing.dagbag.BundleDagBag","filename":"dagbag.py","lineno":469}
{"timestamp":"2026-05-22T14:53:12.122487Z","level":"info","event":"Filling up the DagBag from /opt/airflow/dags/bronze_layer.py","logger":"airflow.dag_processing.dagbag.BundleDagBag","filename":"dagbag.py","lineno":469}
{"timestamp":"2026-05-22T14:53:44.775916Z","level":"info","event":"Filling up the DagBag from /opt/airflow/dags/bronze_layer.py","logger":"airflow.dag_processing.dagbag.BundleDagBag","filename":"dagbag.py","lineno":469}
{"timestamp":"2026-05-22T14:54:15.747465Z","level":"info","event":"Filling up the DagBag from /opt/airflow/dags/bronze_layer.py","logger":"airflow.dag_processing.dagbag.BundleDagBag","filename":"dagbag.py","lineno":469}
{"timestamp":"2026-05-22T14:54:46.255100Z","level":"info","event":"Filling up the DagBag from /opt/airflow/dags/bronze_layer.py","logger":"airflow.dag_processing.dagbag.BundleDagBag","filename":"dagbag.py","lineno":469}
{"timestamp":"2026-05-22T14:55:28.460748Z","level":"info","event":"Filling up the DagBag from /opt/airflow/dags/bronze_layer.py","logger":"airflow.dag_processing.dagbag.BundleDagBag","filename":"dagbag.py","lineno":469}
{"timestamp":"2026-05-22T14:56:01.593461Z","level":"info","event":"Filling up the DagBag from /opt/airflow/dags/bronze_layer.py","logger":"airflow.dag_processing.dagbag.BundleDagBag","filename":"dagbag.py","lineno":469}
{"timestamp":"2026-05-22T14:56:32.694263Z","level":"info","event":"Filling up the DagBag from /opt/airflow/dags/bronze_layer.py","logger":"airflow.dag_processing.dagbag.BundleDagBag","filename":"dagbag.py","lineno":469}
{"timestamp":"2026-05-22T14:57:03.716466Z","level":"info","event":"Filling up the DagBag from /opt/airflow/dags/bronze_layer.py","logger":"airflow.dag_processing.dagbag.BundleDagBag","filename":"dagbag.py","lineno":469}
{"timestamp":"2026-05-22T14:57:37.931410Z","level":"info","event":"Filling up the DagBag from /opt/airflow/dags/bronze_layer.py","logger":"airflow.dag_processing.dagbag.BundleDagBag","filename":"dagbag.py","lineno":469}
{"timestamp":"2026-05-22T14:58:08.838666Z","level":"info","event":"Filling up the DagBag from /opt/airflow/dags/bronze_layer.py","logger":"airflow.dag_processing.dagbag.BundleDagBag","filename":"dagbag.py","lineno":469}
{"timestamp":"2026-05-22T14:58:39.355097Z","level":"info","event":"Filling up the DagBag from /opt/airflow/dags/bronze_layer.py","logger":"airflow.dag_processing.dagbag.BundleDagBag","filename":"dagbag.py","lineno":469}
{"timestamp":"2026-05-22T14:59:09.984603Z","level":"info","event":"Filling up the DagBag from /opt/airflow/dags/bronze_layer.py","logger":"airflow.dag_processing.dagbag.BundleDagBag","filename":"dagbag.py","lineno":469}
{"timestamp":"2026-05-22T14:59:41.649204Z","level":"info","event":"Filling up the DagBag from /opt/airflow/dags/bronze_layer.py","logger":"airflow.dag_processing.dagbag.BundleDagBag","filename":"dagbag.py","lineno":469}
{"timestamp":"2026-05-22T15:00:12.722914Z","level":"info","event":"Filling up the DagBag from /opt/airflow/dags/bronze_layer.py","logger":"airflow.dag_processing.dagbag.BundleDagBag","filename":"dagbag.py","lineno":469}
{"timestamp":"2026-05-22T15:00:44.463447Z","level":"info","event":"Filling up the DagBag from /opt/airflow/dags/bronze_layer.py","logger":"airflow.dag_processing.dagbag.BundleDagBag","filename":"dagbag.py","lineno":469}
{"timestamp":"2026-05-22T15:01:15.419812Z","level":"info","event":"Filling up the DagBag from /opt/airflow/dags/bronze_layer.py","logger":"airflow.dag_processing.dagbag.BundleDagBag","filename":"dagbag.py","lineno":469}
{"timestamp":"2026-05-22T15:01:46.517070Z","level":"info","event":"Filling up the DagBag from /opt/airflow/dags/bronze_layer.py","logger":"airflow.dag_processing.dagbag.BundleDagBag","filename":"dagbag.py","lineno":469}
{"timestamp":"2026-05-22T15:02:17.666567Z","level":"info","event":"Filling up the DagBag from /opt/airflow/dags/bronze_layer.py","logger":"airflow.dag_processing.dagbag.BundleDagBag","filename":"dagbag.py","lineno":469}
{"timestamp":"2026-05-22T15:02:50.502105Z","level":"info","event":"Filling up the DagBag from /opt/airflow/dags/bronze_layer.py","logger":"airflow.dag_processing.dagbag.BundleDagBag","filename":"dagbag.py","lineno":469}
{"timestamp":"2026-05-22T15:03:21.001390Z","level":"info","event":"Filling up the DagBag from /opt/airflow/dags/bronze_layer.py","logger":"airflow.dag_processing.dagbag.BundleDagBag","filename":"dagbag.py","lineno":469}
{"timestamp":"2026-05-22T15:03:51.693777Z","level":"info","event":"Filling up the DagBag from /opt/airflow/dags/bronze_layer.py","logger":"airflow.dag_processing.dagbag.BundleDagBag","filename":"dagbag.py","lineno":469}
{"timestamp":"2026-05-22T15:04:33.549653Z","level":"info","event":"Filling up the DagBag from /opt/airflow/dags/bronze_layer.py","logger":"airflow.dag_processing.dagbag.BundleDagBag","filename":"dagbag.py","lineno":469}
{"timestamp":"2026-05-22T15:05:04.858907Z","level":"info","event":"Filling up the DagBag from /opt/airflow/dags/bronze_layer.py","logger":"airflow.dag_processing.dagbag.BundleDagBag","filename":"dagbag.py","lineno":469}
{"timestamp":"2026-05-22T15:05:13.496902Z","level":"info","event":"Filling up the DagBag from /opt/airflow/dags/bronze_layer.py","logger":"airflow.dag_processing.dagbag.BundleDagBag","filename":"dagbag.py","lineno":469}
{"timestamp":"2026-05-22T15:05:22.314133Z","level":"info","event":"Filling up the DagBag from /opt/airflow/dags/bronze_layer.py","logger":"airflow.dag_processing.dagbag.BundleDagBag","filename":"dagbag.py","lineno":469}
{"timestamp":"2026-05-22T15:05:46.877239Z","level":"info","event":"Filling up the DagBag from /opt/airflow/dags/bronze_layer.py","logger":"airflow.dag_processing.dagbag.BundleDagBag","filename":"dagbag.py","lineno":469}
{"timestamp":"2026-05-22T15:05:50.818734Z","level":"info","event":"Filling up the DagBag from /opt/airflow/dags/bronze_layer.py","logger":"airflow.dag_processing.dagbag.BundleDagBag","filename":"dagbag.py","lineno":469}
{"timestamp":"2026-05-22T15:05:55.253426Z","level":"info","event":"Filling up the DagBag from /opt/airflow/dags/bronze_layer.py","logger":"airflow.dag_processing.dagbag.BundleDagBag","filename":"dagbag.py","lineno":469}
{"timestamp":"2026-05-22T15:06:12.199986Z","level":"info","event":"Filling up the DagBag from /opt/airflow/dags/bronze_layer.py","logger":"airflow.dag_processing.dagbag.BundleDagBag","filename":"dagbag.py","lineno":469}
{"timestamp":"2026-05-22T15:06:12.262217Z","level":"error","event":"Failed to import: /opt/airflow/dags/bronze_layer.py","logger":"airflow.dag_processing.importers.python_importer","filename":"python_importer.py","lineno":244,"error_detail":[{"exc_type":"TypeError","exc_value":"'>' not supported between instances of 'PlainXComArg' and 'list'","exc_notes":[],"syntax_error":null,"is_cause":false,"frames":[{"filename":"/home/airflow/.local/lib/python3.13/site-packages/airflow/dag_processing/importers/python_importer.py","lineno":238,"name":"parse"},{"filename":"<frozen importlib._bootstrap_external>","lineno":1023,"name":"exec_module"},{"filename":"<frozen importlib._bootstrap>","lineno":488,"name":"_call_with_frames_removed"},{"filename":"/opt/airflow/dags/bronze_layer.py","lineno":188,"name":"<module>"},{"filename":"/home/airflow/.local/lib/python3.13/site-packages/airflow/sdk/definitions/dag.py","lineno":1629,"name":"factory"},{"filename":"/opt/airflow/dags/bronze_layer.py","lineno":186,"name":"bronze_layer"}],"is_group":false,"exceptions":[]}]}
{"timestamp":"2026-05-22T15:06:12.277236Z","level":"error","event":"Error loading DAG from bronze_layer.py: '>' not supported between instances of 'PlainXComArg' and 'list'","logger":"airflow.dag_processing.dagbag.BundleDagBag","filename":"dagbag.py","lineno":327}
{"timestamp":"2026-05-22T15:06:42.655574Z","level":"info","event":"Filling up the DagBag from /opt/airflow/dags/bronze_layer.py","logger":"airflow.dag_processing.dagbag.BundleDagBag","filename":"dagbag.py","lineno":469}
{"timestamp":"2026-05-22T15:06:42.728813Z","level":"error","event":"Failed to import: /opt/airflow/dags/bronze_layer.py","logger":"airflow.dag_processing.importers.python_importer","filename":"python_importer.py","lineno":244,"error_detail":[{"exc_type":"TypeError","exc_value":"'>' not supported between instances of 'PlainXComArg' and 'list'","exc_notes":[],"syntax_error":null,"is_cause":false,"frames":[{"filename":"/home/airflow/.local/lib/python3.13/site-packages/airflow/dag_processing/importers/python_importer.py","lineno":238,"name":"parse"},{"filename":"<frozen importlib._bootstrap_external>","lineno":1023,"name":"exec_module"},{"filename":"<frozen importlib._bootstrap>","lineno":488,"name":"_call_with_frames_removed"},{"filename":"/opt/airflow/dags/bronze_layer.py","lineno":188,"name":"<module>"},{"filename":"/home/airflow/.local/lib/python3.13/site-packages/airflow/sdk/definitions/dag.py","lineno":1629,"name":"factory"},{"filename":"/opt/airflow/dags/bronze_layer.py","lineno":186,"name":"bronze_layer"}],"is_group":false,"exceptions":[]}]}
{"timestamp":"2026-05-22T15:06:42.735086Z","level":"error","event":"Error loading DAG from bronze_layer.py: '>' not supported between instances of 'PlainXComArg' and 'list'","logger":"airflow.dag_processing.dagbag.BundleDagBag","filename":"dagbag.py","lineno":327}
{"timestamp":"2026-05-22T15:07:09.213917Z","level":"info","event":"Filling up the DagBag from /opt/airflow/dags/bronze_layer.py","logger":"airflow.dag_processing.dagbag.BundleDagBag","filename":"dagbag.py","lineno":469}
{"timestamp":"2026-05-22T15:07:09.281235Z","level":"error","event":"Failed to import: /opt/airflow/dags/bronze_layer.py","logger":"airflow.dag_processing.importers.python_importer","filename":"python_importer.py","lineno":244,"error_detail":[{"exc_type":"TypeError","exc_value":"'>' not supported between instances of 'PlainXComArg' and 'list'","exc_notes":[],"syntax_error":null,"is_cause":false,"frames":[{"filename":"/home/airflow/.local/lib/python3.13/site-packages/airflow/dag_processing/importers/python_importer.py","lineno":238,"name":"parse"},{"filename":"<frozen importlib._bootstrap_external>","lineno":1023,"name":"exec_module"},{"filename":"<frozen importlib._bootstrap>","lineno":488,"name":"_call_with_frames_removed"},{"filename":"/opt/airflow/dags/bronze_layer.py","lineno":189,"name":"<module>"},{"filename":"/home/airflow/.local/lib/python3.13/site-packages/airflow/sdk/definitions/dag.py","lineno":1629,"name":"factory"},{"filename":"/opt/airflow/dags/bronze_layer.py","lineno":187,"name":"bronze_layer"}],"is_group":false,"exceptions":[]}]}
{"timestamp":"2026-05-22T15:07:09.290164Z","level":"error","event":"Error loading DAG from bronze_layer.py: '>' not supported between instances of 'PlainXComArg' and 'list'","logger":"airflow.dag_processing.dagbag.BundleDagBag","filename":"dagbag.py","lineno":327}
{"timestamp":"2026-05-22T15:07:39.717677Z","level":"info","event":"Filling up the DagBag from /opt/airflow/dags/bronze_layer.py","logger":"airflow.dag_processing.dagbag.BundleDagBag","filename":"dagbag.py","lineno":469}
{"timestamp":"2026-05-22T15:07:39.755269Z","level":"error","event":"Failed to import: /opt/airflow/dags/bronze_layer.py","logger":"airflow.dag_processing.importers.python_importer","filename":"python_importer.py","lineno":244,"error_detail":[{"exc_type":"TypeError","exc_value":"'>' not supported between instances of 'PlainXComArg' and 'list'","exc_notes":[],"syntax_error":null,"is_cause":false,"frames":[{"filename":"/home/airflow/.local/lib/python3.13/site-packages/airflow/dag_processing/importers/python_importer.py","lineno":238,"name":"parse"},{"filename":"<frozen importlib._bootstrap_external>","lineno":1023,"name":"exec_module"},{"filename":"<frozen importlib._bootstrap>","lineno":488,"name":"_call_with_frames_removed"},{"filename":"/opt/airflow/dags/bronze_layer.py","lineno":189,"name":"<module>"},{"filename":"/home/airflow/.local/lib/python3.13/site-packages/airflow/sdk/definitions/dag.py","lineno":1629,"name":"factory"},{"filename":"/opt/airflow/dags/bronze_layer.py","lineno":187,"name":"bronze_layer"}],"is_group":false,"exceptions":[]}]}
{"timestamp":"2026-05-22T15:07:39.759576Z","level":"error","event":"Error loading DAG from bronze_layer.py: '>' not supported between instances of 'PlainXComArg' and 'list'","logger":"airflow.dag_processing.dagbag.BundleDagBag","filename":"dagbag.py","lineno":327}
{"timestamp":"2026-05-22T15:08:09.915269Z","level":"info","event":"Filling up the DagBag from /opt/airflow/dags/bronze_layer.py","logger":"airflow.dag_processing.dagbag.BundleDagBag","filename":"dagbag.py","lineno":469}
{"timestamp":"2026-05-22T15:08:09.941273Z","level":"error","event":"Failed to import: /opt/airflow/dags/bronze_layer.py","logger":"airflow.dag_processing.importers.python_importer","filename":"python_importer.py","lineno":244,"error_detail":[{"exc_type":"TypeError","exc_value":"'>' not supported between instances of 'PlainXComArg' and 'list'","exc_notes":[],"syntax_error":null,"is_cause":false,"frames":[{"filename":"/home/airflow/.local/lib/python3.13/site-packages/airflow/dag_processing/importers/python_importer.py","lineno":238,"name":"parse"},{"filename":"<frozen importlib._bootstrap_external>","lineno":1023,"name":"exec_module"},{"filename":"<frozen importlib._bootstrap>","lineno":488,"name":"_call_with_frames_removed"},{"filename":"/opt/airflow/dags/bronze_layer.py","lineno":189,"name":"<module>"},{"filename":"/home/airflow/.local/lib/python3.13/site-packages/airflow/sdk/definitions/dag.py","lineno":1629,"name":"factory"},{"filename":"/opt/airflow/dags/bronze_layer.py","lineno":187,"name":"bronze_layer"}],"is_group":false,"exceptions":[]}]}
{"timestamp":"2026-05-22T15:08:09.944170Z","level":"error","event":"Error loading DAG from bronze_layer.py: '>' not supported between instances of 'PlainXComArg' and 'list'","logger":"airflow.dag_processing.dagbag.BundleDagBag","filename":"dagbag.py","lineno":327}
{"timestamp":"2026-05-22T15:08:41.494075Z","level":"info","event":"Filling up the DagBag from /opt/airflow/dags/bronze_layer.py","logger":"airflow.dag_processing.dagbag.BundleDagBag","filename":"dagbag.py","lineno":469}
{"timestamp":"2026-05-22T15:08:41.530264Z","level":"error","event":"Failed to import: /opt/airflow/dags/bronze_layer.py","logger":"airflow.dag_processing.importers.python_importer","filename":"python_importer.py","lineno":244,"error_detail":[{"exc_type":"TypeError","exc_value":"'>' not supported between instances of 'PlainXComArg' and 'list'","exc_notes":[],"syntax_error":null,"is_cause":false,"frames":[{"filename":"/home/airflow/.local/lib/python3.13/site-packages/airflow/dag_processing/importers/python_importer.py","lineno":238,"name":"parse"},{"filename":"<frozen importlib._bootstrap_external>","lineno":1023,"name":"exec_module"},{"filename":"<frozen importlib._bootstrap>","lineno":488,"name":"_call_with_frames_removed"},{"filename":"/opt/airflow/dags/bronze_layer.py","lineno":189,"name":"<module>"},{"filename":"/home/airflow/.local/lib/python3.13/site-packages/airflow/sdk/definitions/dag.py","lineno":1629,"name":"factory"},{"filename":"/opt/airflow/dags/bronze_layer.py","lineno":187,"name":"bronze_layer"}],"is_group":false,"exceptions":[]}]}
{"timestamp":"2026-05-22T15:08:41.535583Z","level":"error","event":"Error loading DAG from bronze_layer.py: '>' not supported between instances of 'PlainXComArg' and 'list'","logger":"airflow.dag_processing.dagbag.BundleDagBag","filename":"dagbag.py","lineno":327}
{"timestamp":"2026-05-22T15:09:12.139147Z","level":"info","event":"Filling up the DagBag from /opt/airflow/dags/bronze_layer.py","logger":"airflow.dag_processing.dagbag.BundleDagBag","filename":"dagbag.py","lineno":469}
{"timestamp":"2026-05-22T15:09:12.301380Z","level":"error","event":"Failed to import: /opt/airflow/dags/bronze_layer.py","logger":"airflow.dag_processing.importers.python_importer","filename":"python_importer.py","lineno":244,"error_detail":[{"exc_type":"TypeError","exc_value":"'>' not supported between instances of 'PlainXComArg' and 'list'","exc_notes":[],"syntax_error":null,"is_cause":false,"frames":[{"filename":"/home/airflow/.local/lib/python3.13/site-packages/airflow/dag_processing/importers/python_importer.py","lineno":238,"name":"parse"},{"filename":"<frozen importlib._bootstrap_external>","lineno":1023,"name":"exec_module"},{"filename":"<frozen importlib._bootstrap>","lineno":488,"name":"_call_with_frames_removed"},{"filename":"/opt/airflow/dags/bronze_layer.py","lineno":189,"name":"<module>"},{"filename":"/home/airflow/.local/lib/python3.13/site-packages/airflow/sdk/definitions/dag.py","lineno":1629,"name":"factory"},{"filename":"/opt/airflow/dags/bronze_layer.py","lineno":187,"name":"bronze_layer"}],"is_group":false,"exceptions":[]}]}
{"timestamp":"2026-05-22T15:09:12.318501Z","level":"error","event":"Error loading DAG from bronze_layer.py: '>' not supported between instances of 'PlainXComArg' and 'list'","logger":"airflow.dag_processing.dagbag.BundleDagBag","filename":"dagbag.py","lineno":327}
{"timestamp":"2026-05-22T15:09:42.919053Z","level":"info","event":"Filling up the DagBag from /opt/airflow/dags/bronze_layer.py","logger":"airflow.dag_processing.dagbag.BundleDagBag","filename":"dagbag.py","lineno":469}
{"timestamp":"2026-05-22T15:09:42.958239Z","level":"error","event":"Failed to import: /opt/airflow/dags/bronze_layer.py","logger":"airflow.dag_processing.importers.python_importer","filename":"python_importer.py","lineno":244,"error_detail":[{"exc_type":"TypeError","exc_value":"'>' not supported between instances of 'PlainXComArg' and 'list'","exc_notes":[],"syntax_error":null,"is_cause":false,"frames":[{"filename":"/home/airflow/.local/lib/python3.13/site-packages/airflow/dag_processing/importers/python_importer.py","lineno":238,"name":"parse"},{"filename":"<frozen importlib._bootstrap_external>","lineno":1023,"name":"exec_module"},{"filename":"<frozen importlib._bootstrap>","lineno":488,"name":"_call_with_frames_removed"},{"filename":"/opt/airflow/dags/bronze_layer.py","lineno":189,"name":"<module>"},{"filename":"/home/airflow/.local/lib/python3.13/site-packages/airflow/sdk/definitions/dag.py","lineno":1629,"name":"factory"},{"filename":"/opt/airflow/dags/bronze_layer.py","lineno":187,"name":"bronze_layer"}],"is_group":false,"exceptions":[]}]}
{"timestamp":"2026-05-22T15:09:42.962946Z","level":"error","event":"Error loading DAG from bronze_layer.py: '>' not supported between instances of 'PlainXComArg' and 'list'","logger":"airflow.dag_processing.dagbag.BundleDagBag","filename":"dagbag.py","lineno":327}
{"timestamp":"2026-05-22T15:10:13.585807Z","level":"info","event":"Filling up the DagBag from /opt/airflow/dags/bronze_layer.py","logger":"airflow.dag_processing.dagbag.BundleDagBag","filename":"dagbag.py","lineno":469}
{"timestamp":"2026-05-22T15:10:13.618373Z","level":"error","event":"Failed to import: /opt/airflow/dags/bronze_layer.py","logger":"airflow.dag_processing.importers.python_importer","filename":"python_importer.py","lineno":244,"error_detail":[{"exc_type":"TypeError","exc_value":"'>' not supported between instances of 'PlainXComArg' and 'list'","exc_notes":[],"syntax_error":null,"is_cause":false,"frames":[{"filename":"/home/airflow/.local/lib/python3.13/site-packages/airflow/dag_processing/importers/python_importer.py","lineno":238,"name":"parse"},{"filename":"<frozen importlib._bootstrap_external>","lineno":1023,"name":"exec_module"},{"filename":"<frozen importlib._bootstrap>","lineno":488,"name":"_call_with_frames_removed"},{"filename":"/opt/airflow/dags/bronze_layer.py","lineno":189,"name":"<module>"},{"filename":"/home/airflow/.local/lib/python3.13/site-packages/airflow/sdk/definitions/dag.py","lineno":1629,"name":"factory"},{"filename":"/opt/airflow/dags/bronze_layer.py","lineno":187,"name":"bronze_layer"}],"is_group":false,"exceptions":[]}]}
{"timestamp":"2026-05-22T15:10:13.622344Z","level":"error","event":"Error loading DAG from bronze_layer.py: '>' not supported between instances of 'PlainXComArg' and 'list'","logger":"airflow.dag_processing.dagbag.BundleDagBag","filename":"dagbag.py","lineno":327}
{"timestamp":"2026-05-22T15:10:44.663594Z","level":"info","event":"Filling up the DagBag from /opt/airflow/dags/bronze_layer.py","logger":"airflow.dag_processing.dagbag.BundleDagBag","filename":"dagbag.py","lineno":469}
{"timestamp":"2026-05-22T15:10:44.745312Z","level":"error","event":"Failed to import: /opt/airflow/dags/bronze_layer.py","logger":"airflow.dag_processing.importers.python_importer","filename":"python_importer.py","lineno":244,"error_detail":[{"exc_type":"TypeError","exc_value":"'>' not supported between instances of 'PlainXComArg' and 'list'","exc_notes":[],"syntax_error":null,"is_cause":false,"frames":[{"filename":"/home/airflow/.local/lib/python3.13/site-packages/airflow/dag_processing/importers/python_importer.py","lineno":238,"name":"parse"},{"filename":"<frozen importlib._bootstrap_external>","lineno":1023,"name":"exec_module"},{"filename":"<frozen importlib._bootstrap>","lineno":488,"name":"_call_with_frames_removed"},{"filename":"/opt/airflow/dags/bronze_layer.py","lineno":189,"name":"<module>"},{"filename":"/home/airflow/.local/lib/python3.13/site-packages/airflow/sdk/definitions/dag.py","lineno":1629,"name":"factory"},{"filename":"/opt/airflow/dags/bronze_layer.py","lineno":187,"name":"bronze_layer"}],"is_group":false,"exceptions":[]}]}
{"timestamp":"2026-05-22T15:10:44.752445Z","level":"error","event":"Error loading DAG from bronze_layer.py: '>' not supported between instances of 'PlainXComArg' and 'list'","logger":"airflow.dag_processing.dagbag.BundleDagBag","filename":"dagbag.py","lineno":327}
{"timestamp":"2026-05-22T15:10:58.724653Z","level":"info","event":"Filling up the DagBag from /opt/airflow/dags/bronze_layer.py","logger":"airflow.dag_processing.dagbag.BundleDagBag","filename":"dagbag.py","lineno":469}
{"timestamp":"2026-05-22T15:10:58.733805Z","level":"error","event":"Failed to import: /opt/airflow/dags/bronze_layer.py","logger":"airflow.dag_processing.importers.python_importer","filename":"python_importer.py","lineno":244,"error_detail":[{"exc_type":"IndentationError","exc_value":"expected an indented block after function definition on line 113 (bronze_layer.py, line 116)","exc_notes":[],"syntax_error":{"offset":5,"filename":"/opt/airflow/dags/bronze_layer.py","line":"    @task (task_id = \"merge_crm_source\")\n","lineno":116,"msg":"expected an indented block after function definition on line 113"},"is_cause":false,"frames":[{"filename":"/home/airflow/.local/lib/python3.13/site-packages/airflow/dag_processing/importers/python_importer.py","lineno":238,"name":"parse"},{"filename":"<frozen importlib._bootstrap_external>","lineno":1019,"name":"exec_module"},{"filename":"<frozen importlib._bootstrap_external>","lineno":1157,"name":"get_code"},{"filename":"<frozen importlib._bootstrap_external>","lineno":1087,"name":"source_to_code"},{"filename":"<frozen importlib._bootstrap>","lineno":488,"name":"_call_with_frames_removed"}],"is_group":false,"exceptions":[]}]}
{"timestamp":"2026-05-22T15:10:58.737546Z","level":"error","event":"Error loading DAG from bronze_layer.py: expected an indented block after function definition on line 113 (bronze_layer.py, line 116)","logger":"airflow.dag_processing.dagbag.BundleDagBag","filename":"dagbag.py","lineno":327}
{"timestamp":"2026-05-22T15:11:29.895161Z","level":"info","event":"Filling up the DagBag from /opt/airflow/dags/bronze_layer.py","logger":"airflow.dag_processing.dagbag.BundleDagBag","filename":"dagbag.py","lineno":469}
{"timestamp":"2026-05-22T15:11:29.901690Z","level":"error","event":"Failed to import: /opt/airflow/dags/bronze_layer.py","logger":"airflow.dag_processing.importers.python_importer","filename":"python_importer.py","lineno":244,"error_detail":[{"exc_type":"IndentationError","exc_value":"expected an indented block after function definition on line 113 (bronze_layer.py, line 116)","exc_notes":[],"syntax_error":{"offset":5,"filename":"/opt/airflow/dags/bronze_layer.py","line":"    @task (task_id = \"merge_crm_source\")\n","lineno":116,"msg":"expected an indented block after function definition on line 113"},"is_cause":false,"frames":[{"filename":"/home/airflow/.local/lib/python3.13/site-packages/airflow/dag_processing/importers/python_importer.py","lineno":238,"name":"parse"},{"filename":"<frozen importlib._bootstrap_external>","lineno":1019,"name":"exec_module"},{"filename":"<frozen importlib._bootstrap_external>","lineno":1157,"name":"get_code"},{"filename":"<frozen importlib._bootstrap_external>","lineno":1087,"name":"source_to_code"},{"filename":"<frozen importlib._bootstrap>","lineno":488,"name":"_call_with_frames_removed"}],"is_group":false,"exceptions":[]}]}
{"timestamp":"2026-05-22T15:11:29.907102Z","level":"error","event":"Error loading DAG from bronze_layer.py: expected an indented block after function definition on line 113 (bronze_layer.py, line 116)","logger":"airflow.dag_processing.dagbag.BundleDagBag","filename":"dagbag.py","lineno":327}
{"timestamp":"2026-05-22T15:11:46.550666Z","level":"info","event":"Filling up the DagBag from /opt/airflow/dags/bronze_layer.py","logger":"airflow.dag_processing.dagbag.BundleDagBag","filename":"dagbag.py","lineno":469}
{"timestamp":"2026-05-22T15:11:46.561508Z","level":"error","event":"Failed to import: /opt/airflow/dags/bronze_layer.py","logger":"airflow.dag_processing.importers.python_importer","filename":"python_importer.py","lineno":244,"error_detail":[{"exc_type":"IndentationError","exc_value":"expected an indented block after function definition on line 113 (bronze_layer.py, line 116)","exc_notes":[],"syntax_error":{"offset":5,"filename":"/opt/airflow/dags/bronze_layer.py","line":"    @task (task_id = \"merge_crm_source\")\n","lineno":116,"msg":"expected an indented block after function definition on line 113"},"is_cause":false,"frames":[{"filename":"/home/airflow/.local/lib/python3.13/site-packages/airflow/dag_processing/importers/python_importer.py","lineno":238,"name":"parse"},{"filename":"<frozen importlib._bootstrap_external>","lineno":1019,"name":"exec_module"},{"filename":"<frozen importlib._bootstrap_external>","lineno":1157,"name":"get_code"},{"filename":"<frozen importlib._bootstrap_external>","lineno":1087,"name":"source_to_code"},{"filename":"<frozen importlib._bootstrap>","lineno":488,"name":"_call_with_frames_removed"}],"is_group":false,"exceptions":[]}]}
{"timestamp":"2026-05-22T15:11:46.563935Z","level":"error","event":"Error loading DAG from bronze_layer.py: expected an indented block after function definition on line 113 (bronze_layer.py, line 116)","logger":"airflow.dag_processing.dagbag.BundleDagBag","filename":"dagbag.py","lineno":327}
{"timestamp":"2026-05-22T15:12:04.327921Z","level":"info","event":"Filling up the DagBag from /opt/airflow/dags/bronze_layer.py","logger":"airflow.dag_processing.dagbag.BundleDagBag","filename":"dagbag.py","lineno":469}
{"timestamp":"2026-05-22T15:12:04.426032Z","level":"error","event":"Failed to import: /opt/airflow/dags/bronze_layer.py","logger":"airflow.dag_processing.importers.python_importer","filename":"python_importer.py","lineno":244,"error_detail":[{"exc_type":"ValueError","exc_value":"Tried to create relationships between tasks that don't have Dags yet. Set the Dag for at least one task and try again: [<Task(_PythonDecoratedOperator): create_datawarehouse_db>, <Task(SQLExecuteQueryOperator): schemas_creation>]","exc_notes":[],"syntax_error":null,"is_cause":false,"frames":[{"filename":"/home/airflow/.local/lib/python3.13/site-packages/airflow/dag_processing/importers/python_importer.py","lineno":238,"name":"parse"},{"filename":"<frozen importlib._bootstrap_external>","lineno":1023,"name":"exec_module"},{"filename":"<frozen importlib._bootstrap>","lineno":488,"name":"_call_with_frames_removed"},{"filename":"/opt/airflow/dags/bronze_layer.py","lineno":192,"name":"<module>"},{"filename":"/opt/airflow/dags/bronze_layer.py","lineno":190,"name":"bronze_layer"},{"filename":"/home/airflow/.local/lib/python3.13/site-packages/airflow/sdk/definitions/_internal/mixins.py","lineno":99,"name":"__rshift__"},{"filename":"/home/airflow/.local/lib/python3.13/site-packages/airflow/sdk/definitions/xcom_arg.py","lineno":157,"name":"set_downstream"},{"filename":"/home/airflow/.local/lib/python3.13/site-packages/airflow/sdk/definitions/_internal/node.py","lineno":150,"name":"set_downstream"},{"filename":"/home/airflow/.local/lib/python3.13/site-packages/airflow/sdk/definitions/_internal/node.py","lineno":120,"name":"_set_relatives"}],"is_group":false,"exceptions":[]}]}
{"timestamp":"2026-05-22T15:12:04.438446Z","level":"error","event":"Error loading DAG from bronze_layer.py: Tried to create relationships between tasks that don't have Dags yet. Set the Dag for at least one task and try again: [<Task(_PythonDecoratedOperator): create_datawarehouse_db>, <Task(SQLExecuteQueryOperator): schemas_creation>]","logger":"airflow.dag_processing.dagbag.BundleDagBag","filename":"dagbag.py","lineno":327}
{"timestamp":"2026-05-22T15:12:08.539193Z","level":"info","event":"Filling up the DagBag from /opt/airflow/dags/bronze_layer.py","logger":"airflow.dag_processing.dagbag.BundleDagBag","filename":"dagbag.py","lineno":469}
{"timestamp":"2026-05-22T15:12:08.605082Z","level":"error","event":"Failed to import: /opt/airflow/dags/bronze_layer.py","logger":"airflow.dag_processing.importers.python_importer","filename":"python_importer.py","lineno":244,"error_detail":[{"exc_type":"ValueError","exc_value":"Tried to create relationships between tasks that don't have Dags yet. Set the Dag for at least one task and try again: [<Task(_PythonDecoratedOperator): create_datawarehouse_db>, <Task(SQLExecuteQueryOperator): schemas_creation>]","exc_notes":[],"syntax_error":null,"is_cause":false,"frames":[{"filename":"/home/airflow/.local/lib/python3.13/site-packages/airflow/dag_processing/importers/python_importer.py","lineno":238,"name":"parse"},{"filename":"<frozen importlib._bootstrap_external>","lineno":1023,"name":"exec_module"},{"filename":"<frozen importlib._bootstrap>","lineno":488,"name":"_call_with_frames_removed"},{"filename":"/opt/airflow/dags/bronze_layer.py","lineno":193,"name":"<module>"},{"filename":"/opt/airflow/dags/bronze_layer.py","lineno":191,"name":"bronze_layer"},{"filename":"/home/airflow/.local/lib/python3.13/site-packages/airflow/sdk/definitions/_internal/mixins.py","lineno":99,"name":"__rshift__"},{"filename":"/home/airflow/.local/lib/python3.13/site-packages/airflow/sdk/definitions/xcom_arg.py","lineno":157,"name":"set_downstream"},{"filename":"/home/airflow/.local/lib/python3.13/site-packages/airflow/sdk/definitions/_internal/node.py","lineno":150,"name":"set_downstream"},{"filename":"/home/airflow/.local/lib/python3.13/site-packages/airflow/sdk/definitions/_internal/node.py","lineno":120,"name":"_set_relatives"}],"is_group":false,"exceptions":[]}]}
{"timestamp":"2026-05-22T15:12:08.618513Z","level":"error","event":"Error loading DAG from bronze_layer.py: Tried to create relationships between tasks that don't have Dags yet. Set the Dag for at least one task and try again: [<Task(_PythonDecoratedOperator): create_datawarehouse_db>, <Task(SQLExecuteQueryOperator): schemas_creation>]","logger":"airflow.dag_processing.dagbag.BundleDagBag","filename":"dagbag.py","lineno":327}
{"timestamp":"2026-05-22T15:12:13.463705Z","level":"info","event":"Filling up the DagBag from /opt/airflow/dags/bronze_layer.py","logger":"airflow.dag_processing.dagbag.BundleDagBag","filename":"dagbag.py","lineno":469}
{"timestamp":"2026-05-22T15:12:13.492055Z","level":"error","event":"Failed to import: /opt/airflow/dags/bronze_layer.py","logger":"airflow.dag_processing.importers.python_importer","filename":"python_importer.py","lineno":244,"error_detail":[{"exc_type":"ValueError","exc_value":"Tried to create relationships between tasks that don't have Dags yet. Set the Dag for at least one task and try again: [<Task(_PythonDecoratedOperator): create_datawarehouse_db>, <Task(SQLExecuteQueryOperator): schemas_creation>]","exc_notes":[],"syntax_error":null,"is_cause":false,"frames":[{"filename":"/home/airflow/.local/lib/python3.13/site-packages/airflow/dag_processing/importers/python_importer.py","lineno":238,"name":"parse"},{"filename":"<frozen importlib._bootstrap_external>","lineno":1023,"name":"exec_module"},{"filename":"<frozen importlib._bootstrap>","lineno":488,"name":"_call_with_frames_removed"},{"filename":"/opt/airflow/dags/bronze_layer.py","lineno":193,"name":"<module>"},{"filename":"/opt/airflow/dags/bronze_layer.py","lineno":191,"name":"bronze_layer"},{"filename":"/home/airflow/.local/lib/python3.13/site-packages/airflow/sdk/definitions/_internal/mixins.py","lineno":99,"name":"__rshift__"},{"filename":"/home/airflow/.local/lib/python3.13/site-packages/airflow/sdk/definitions/xcom_arg.py","lineno":157,"name":"set_downstream"},{"filename":"/home/airflow/.local/lib/python3.13/site-packages/airflow/sdk/definitions/_internal/node.py","lineno":150,"name":"set_downstream"},{"filename":"/home/airflow/.local/lib/python3.13/site-packages/airflow/sdk/definitions/_internal/node.py","lineno":120,"name":"_set_relatives"}],"is_group":false,"exceptions":[]}]}
{"timestamp":"2026-05-22T15:12:13.495655Z","level":"error","event":"Error loading DAG from bronze_layer.py: Tried to create relationships between tasks that don't have Dags yet. Set the Dag for at least one task and try again: [<Task(_PythonDecoratedOperator): create_datawarehouse_db>, <Task(SQLExecuteQueryOperator): schemas_creation>]","logger":"airflow.dag_processing.dagbag.BundleDagBag","filename":"dagbag.py","lineno":327}
{"timestamp":"2026-05-22T15:12:22.300486Z","level":"info","event":"Filling up the DagBag from /opt/airflow/dags/bronze_layer.py","logger":"airflow.dag_processing.dagbag.BundleDagBag","filename":"dagbag.py","lineno":469}
{"timestamp":"2026-05-22T15:12:22.337401Z","level":"error","event":"Failed to import: /opt/airflow/dags/bronze_layer.py","logger":"airflow.dag_processing.importers.python_importer","filename":"python_importer.py","lineno":244,"error_detail":[{"exc_type":"NameError","exc_value":"name 'ingestion_csv_source' is not defined","exc_notes":[],"syntax_error":null,"is_cause":false,"frames":[{"filename":"/home/airflow/.local/lib/python3.13/site-packages/airflow/dag_processing/importers/python_importer.py","lineno":238,"name":"parse"},{"filename":"<frozen importlib._bootstrap_external>","lineno":1023,"name":"exec_module"},{"filename":"<frozen importlib._bootstrap>","lineno":488,"name":"_call_with_frames_removed"},{"filename":"/opt/airflow/dags/bronze_layer.py","lineno":193,"name":"<module>"},{"filename":"/opt/airflow/dags/bronze_layer.py","lineno":177,"name":"bronze_layer"}],"is_group":false,"exceptions":[]}]}
{"timestamp":"2026-05-22T15:12:22.341149Z","level":"error","event":"Error loading DAG from bronze_layer.py: name 'ingestion_csv_source' is not defined","logger":"airflow.dag_processing.dagbag.BundleDagBag","filename":"dagbag.py","lineno":327}
{"timestamp":"2026-05-22T15:12:40.926495Z","level":"info","event":"Filling up the DagBag from /opt/airflow/dags/bronze_layer.py","logger":"airflow.dag_processing.dagbag.BundleDagBag","filename":"dagbag.py","lineno":469}
{"timestamp":"2026-05-22T15:12:40.966307Z","level":"error","event":"Failed to import: /opt/airflow/dags/bronze_layer.py","logger":"airflow.dag_processing.importers.python_importer","filename":"python_importer.py","lineno":244,"error_detail":[{"exc_type":"NameError","exc_value":"name 'ingestion_csv_source' is not defined","exc_notes":[],"syntax_error":null,"is_cause":false,"frames":[{"filename":"/home/airflow/.local/lib/python3.13/site-packages/airflow/dag_processing/importers/python_importer.py","lineno":238,"name":"parse"},{"filename":"<frozen importlib._bootstrap_external>","lineno":1023,"name":"exec_module"},{"filename":"<frozen importlib._bootstrap>","lineno":488,"name":"_call_with_frames_removed"},{"filename":"/opt/airflow/dags/bronze_layer.py","lineno":193,"name":"<module>"},{"filename":"/opt/airflow/dags/bronze_layer.py","lineno":184,"name":"bronze_layer"}],"is_group":false,"exceptions":[]}]}
{"timestamp":"2026-05-22T15:12:40.975262Z","level":"error","event":"Error loading DAG from bronze_layer.py: name 'ingestion_csv_source' is not defined","logger":"airflow.dag_processing.dagbag.BundleDagBag","filename":"dagbag.py","lineno":327}
{"timestamp":"2026-05-22T15:12:51.610753Z","level":"info","event":"Filling up the DagBag from /opt/airflow/dags/bronze_layer.py","logger":"airflow.dag_processing.dagbag.BundleDagBag","filename":"dagbag.py","lineno":469}
{"timestamp":"2026-05-22T15:12:51.629717Z","level":"error","event":"Failed to import: /opt/airflow/dags/bronze_layer.py","logger":"airflow.dag_processing.importers.python_importer","filename":"python_importer.py","lineno":244,"error_detail":[{"exc_type":"NameError","exc_value":"name 'ingestion_csv_source' is not defined","exc_notes":[],"syntax_error":null,"is_cause":false,"frames":[{"filename":"/home/airflow/.local/lib/python3.13/site-packages/airflow/dag_processing/importers/python_importer.py","lineno":238,"name":"parse"},{"filename":"<frozen importlib._bootstrap_external>","lineno":1023,"name":"exec_module"},{"filename":"<frozen importlib._bootstrap>","lineno":488,"name":"_call_with_frames_removed"},{"filename":"/opt/airflow/dags/bronze_layer.py","lineno":195,"name":"<module>"},{"filename":"/opt/airflow/dags/bronze_layer.py","lineno":186,"name":"bronze_layer"}],"is_group":false,"exceptions":[]}]}
{"timestamp":"2026-05-22T15:12:51.631902Z","level":"error","event":"Error loading DAG from bronze_layer.py: name 'ingestion_csv_source' is not defined","logger":"airflow.dag_processing.dagbag.BundleDagBag","filename":"dagbag.py","lineno":327}
{"timestamp":"2026-05-22T15:13:03.575443Z","level":"info","event":"Filling up the DagBag from /opt/airflow/dags/bronze_layer.py","logger":"airflow.dag_processing.dagbag.BundleDagBag","filename":"dagbag.py","lineno":469}
{"timestamp":"2026-05-22T15:13:03.648552Z","level":"error","event":"Failed to import: /opt/airflow/dags/bronze_layer.py","logger":"airflow.dag_processing.importers.python_importer","filename":"python_importer.py","lineno":244,"error_detail":[{"exc_type":"NameError","exc_value":"name 'ingestion_csv_source' is not defined","exc_notes":[],"syntax_error":null,"is_cause":false,"frames":[{"filename":"/home/airflow/.local/lib/python3.13/site-packages/airflow/dag_processing/importers/python_importer.py","lineno":238,"name":"parse"},{"filename":"<frozen importlib._bootstrap_external>","lineno":1023,"name":"exec_module"},{"filename":"<frozen importlib._bootstrap>","lineno":488,"name":"_call_with_frames_removed"},{"filename":"/opt/airflow/dags/bronze_layer.py","lineno":195,"name":"<module>"},{"filename":"/opt/airflow/dags/bronze_layer.py","lineno":186,"name":"bronze_layer"}],"is_group":false,"exceptions":[]}]}
{"timestamp":"2026-05-22T15:13:03.659790Z","level":"error","event":"Error loading DAG from bronze_layer.py: name 'ingestion_csv_source' is not defined","logger":"airflow.dag_processing.dagbag.BundleDagBag","filename":"dagbag.py","lineno":327}
{"timestamp":"2026-05-22T15:13:06.329971Z","level":"info","event":"Filling up the DagBag from /opt/airflow/dags/bronze_layer.py","logger":"airflow.dag_processing.dagbag.BundleDagBag","filename":"dagbag.py","lineno":469}
{"timestamp":"2026-05-22T15:13:06.375979Z","level":"error","event":"Failed to import: /opt/airflow/dags/bronze_layer.py","logger":"airflow.dag_processing.importers.python_importer","filename":"python_importer.py","lineno":244,"error_detail":[{"exc_type":"NameError","exc_value":"name 'ingestion_csv_source' is not defined","exc_notes":[],"syntax_error":null,"is_cause":false,"frames":[{"filename":"/home/airflow/.local/lib/python3.13/site-packages/airflow/dag_processing/importers/python_importer.py","lineno":238,"name":"parse"},{"filename":"<frozen importlib._bootstrap_external>","lineno":1023,"name":"exec_module"},{"filename":"<frozen importlib._bootstrap>","lineno":488,"name":"_call_with_frames_removed"},{"filename":"/opt/airflow/dags/bronze_layer.py","lineno":195,"name":"<module>"},{"filename":"/opt/airflow/dags/bronze_layer.py","lineno":186,"name":"bronze_layer"}],"is_group":false,"exceptions":[]}]}
{"timestamp":"2026-05-22T15:13:06.384443Z","level":"error","event":"Error loading DAG from bronze_layer.py: name 'ingestion_csv_source' is not defined","logger":"airflow.dag_processing.dagbag.BundleDagBag","filename":"dagbag.py","lineno":327}
{"timestamp":"2026-05-22T15:13:14.990083Z","level":"info","event":"Filling up the DagBag from /opt/airflow/dags/bronze_layer.py","logger":"airflow.dag_processing.dagbag.BundleDagBag","filename":"dagbag.py","lineno":469}
{"timestamp":"2026-05-22T15:13:15.023564Z","level":"error","event":"Failed to import: /opt/airflow/dags/bronze_layer.py","logger":"airflow.dag_processing.importers.python_importer","filename":"python_importer.py","lineno":244,"error_detail":[{"exc_type":"ValueError","exc_value":"Tried to create relationships between tasks that don't have Dags yet. Set the Dag for at least one task and try again: [<Task(_PythonDecoratedOperator): create_datawarehouse_db>, <Task(SQLExecuteQueryOperator): schemas_creation>]","exc_notes":[],"syntax_error":null,"is_cause":false,"frames":[{"filename":"/home/airflow/.local/lib/python3.13/site-packages/airflow/dag_processing/importers/python_importer.py","lineno":238,"name":"parse"},{"filename":"<frozen importlib._bootstrap_external>","lineno":1023,"name":"exec_module"},{"filename":"<frozen importlib._bootstrap>","lineno":488,"name":"_call_with_frames_removed"},{"filename":"/opt/airflow/dags/bronze_layer.py","lineno":195,"name":"<module>"},{"filename":"/opt/airflow/dags/bronze_layer.py","lineno":193,"name":"bronze_layer"},{"filename":"/home/airflow/.local/lib/python3.13/site-packages/airflow/sdk/definitions/_internal/mixins.py","lineno":99,"name":"__rshift__"},{"filename":"/home/airflow/.local/lib/python3.13/site-packages/airflow/sdk/definitions/xcom_arg.py","lineno":157,"name":"set_downstream"},{"filename":"/home/airflow/.local/lib/python3.13/site-packages/airflow/sdk/definitions/_internal/node.py","lineno":150,"name":"set_downstream"},{"filename":"/home/airflow/.local/lib/python3.13/site-packages/airflow/sdk/definitions/_internal/node.py","lineno":120,"name":"_set_relatives"}],"is_group":false,"exceptions":[]}]}
{"timestamp":"2026-05-22T15:13:15.027315Z","level":"error","event":"Error loading DAG from bronze_layer.py: Tried to create relationships between tasks that don't have Dags yet. Set the Dag for at least one task and try again: [<Task(_PythonDecoratedOperator): create_datawarehouse_db>, <Task(SQLExecuteQueryOperator): schemas_creation>]","logger":"airflow.dag_processing.dagbag.BundleDagBag","filename":"dagbag.py","lineno":327}
{"timestamp":"2026-05-22T15:13:45.548540Z","level":"info","event":"Filling up the DagBag from /opt/airflow/dags/bronze_layer.py","logger":"airflow.dag_processing.dagbag.BundleDagBag","filename":"dagbag.py","lineno":469}
{"timestamp":"2026-05-22T15:13:45.708343Z","level":"error","event":"Failed to import: /opt/airflow/dags/bronze_layer.py","logger":"airflow.dag_processing.importers.python_importer","filename":"python_importer.py","lineno":244,"error_detail":[{"exc_type":"ValueError","exc_value":"Tried to create relationships between tasks that don't have Dags yet. Set the Dag for at least one task and try again: [<Task(_PythonDecoratedOperator): create_datawarehouse_db>, <Task(SQLExecuteQueryOperator): schemas_creation>]","exc_notes":[],"syntax_error":null,"is_cause":false,"frames":[{"filename":"/home/airflow/.local/lib/python3.13/site-packages/airflow/dag_processing/importers/python_importer.py","lineno":238,"name":"parse"},{"filename":"<frozen importlib._bootstrap_external>","lineno":1023,"name":"exec_module"},{"filename":"<frozen importlib._bootstrap>","lineno":488,"name":"_call_with_frames_removed"},{"filename":"/opt/airflow/dags/bronze_layer.py","lineno":195,"name":"<module>"},{"filename":"/opt/airflow/dags/bronze_layer.py","lineno":193,"name":"bronze_layer"},{"filename":"/home/airflow/.local/lib/python3.13/site-packages/airflow/sdk/definitions/_internal/mixins.py","lineno":99,"name":"__rshift__"},{"filename":"/home/airflow/.local/lib/python3.13/site-packages/airflow/sdk/definitions/xcom_arg.py","lineno":157,"name":"set_downstream"},{"filename":"/home/airflow/.local/lib/python3.13/site-packages/airflow/sdk/definitions/_internal/node.py","lineno":150,"name":"set_downstream"},{"filename":"/home/airflow/.local/lib/python3.13/site-packages/airflow/sdk/definitions/_internal/node.py","lineno":120,"name":"_set_relatives"}],"is_group":false,"exceptions":[]}]}
{"timestamp":"2026-05-22T15:13:45.726240Z","level":"error","event":"Error loading DAG from bronze_layer.py: Tried to create relationships between tasks that don't have Dags yet. Set the Dag for at least one task and try again: [<Task(_PythonDecoratedOperator): create_datawarehouse_db>, <Task(SQLExecuteQueryOperator): schemas_creation>]","logger":"airflow.dag_processing.dagbag.BundleDagBag","filename":"dagbag.py","lineno":327}
{"timestamp":"2026-05-22T15:14:22.319710Z","level":"info","event":"Filling up the DagBag from /opt/airflow/dags/bronze_layer.py","logger":"airflow.dag_processing.dagbag.BundleDagBag","filename":"dagbag.py","lineno":469}
{"timestamp":"2026-05-22T15:14:22.338785Z","level":"error","event":"Failed to import: /opt/airflow/dags/bronze_layer.py","logger":"airflow.dag_processing.importers.python_importer","filename":"python_importer.py","lineno":244,"error_detail":[{"exc_type":"ValueError","exc_value":"Tried to create relationships between tasks that don't have Dags yet. Set the Dag for at least one task and try again: [<Task(_PythonDecoratedOperator): create_datawarehouse_db>, <Task(SQLExecuteQueryOperator): schemas_creation>]","exc_notes":[],"syntax_error":null,"is_cause":false,"frames":[{"filename":"/home/airflow/.local/lib/python3.13/site-packages/airflow/dag_processing/importers/python_importer.py","lineno":238,"name":"parse"},{"filename":"<frozen importlib._bootstrap_external>","lineno":1023,"name":"exec_module"},{"filename":"<frozen importlib._bootstrap>","lineno":488,"name":"_call_with_frames_removed"},{"filename":"/opt/airflow/dags/bronze_layer.py","lineno":195,"name":"<module>"},{"filename":"/opt/airflow/dags/bronze_layer.py","lineno":193,"name":"bronze_layer"},{"filename":"/home/airflow/.local/lib/python3.13/site-packages/airflow/sdk/definitions/_internal/mixins.py","lineno":99,"name":"__rshift__"},{"filename":"/home/airflow/.local/lib/python3.13/site-packages/airflow/sdk/definitions/xcom_arg.py","lineno":157,"name":"set_downstream"},{"filename":"/home/airflow/.local/lib/python3.13/site-packages/airflow/sdk/definitions/_internal/node.py","lineno":150,"name":"set_downstream"},{"filename":"/home/airflow/.local/lib/python3.13/site-packages/airflow/sdk/definitions/_internal/node.py","lineno":120,"name":"_set_relatives"}],"is_group":false,"exceptions":[]}]}
{"timestamp":"2026-05-22T15:14:22.341203Z","level":"error","event":"Error loading DAG from bronze_layer.py: Tried to create relationships between tasks that don't have Dags yet. Set the Dag for at least one task and try again: [<Task(_PythonDecoratedOperator): create_datawarehouse_db>, <Task(SQLExecuteQueryOperator): schemas_creation>]","logger":"airflow.dag_processing.dagbag.BundleDagBag","filename":"dagbag.py","lineno":327}
{"timestamp":"2026-05-22T15:14:39.006411Z","level":"info","event":"Filling up the DagBag from /opt/airflow/dags/bronze_layer.py","logger":"airflow.dag_processing.dagbag.BundleDagBag","filename":"dagbag.py","lineno":469}
{"timestamp":"2026-05-22T15:14:39.042293Z","level":"error","event":"Failed to import: /opt/airflow/dags/bronze_layer.py","logger":"airflow.dag_processing.importers.python_importer","filename":"python_importer.py","lineno":244,"error_detail":[{"exc_type":"ValueError","exc_value":"Tried to create relationships between tasks that don't have Dags yet. Set the Dag for at least one task and try again: [<Task(_PythonDecoratedOperator): create_datawarehouse_db>, <Task(SQLExecuteQueryOperator): schemas_creation>]","exc_notes":[],"syntax_error":null,"is_cause":false,"frames":[{"filename":"/home/airflow/.local/lib/python3.13/site-packages/airflow/dag_processing/importers/python_importer.py","lineno":238,"name":"parse"},{"filename":"<frozen importlib._bootstrap_external>","lineno":1023,"name":"exec_module"},{"filename":"<frozen importlib._bootstrap>","lineno":488,"name":"_call_with_frames_removed"},{"filename":"/opt/airflow/dags/bronze_layer.py","lineno":195,"name":"<module>"},{"filename":"/opt/airflow/dags/bronze_layer.py","lineno":193,"name":"bronze_layer"},{"filename":"/home/airflow/.local/lib/python3.13/site-packages/airflow/sdk/definitions/_internal/mixins.py","lineno":99,"name":"__rshift__"},{"filename":"/home/airflow/.local/lib/python3.13/site-packages/airflow/sdk/definitions/xcom_arg.py","lineno":157,"name":"set_downstream"},{"filename":"/home/airflow/.local/lib/python3.13/site-packages/airflow/sdk/definitions/_internal/node.py","lineno":150,"name":"set_downstream"},{"filename":"/home/airflow/.local/lib/python3.13/site-packages/airflow/sdk/definitions/_internal/node.py","lineno":120,"name":"_set_relatives"}],"is_group":false,"exceptions":[]}]}
{"timestamp":"2026-05-22T15:14:39.046603Z","level":"error","event":"Error loading DAG from bronze_layer.py: Tried to create relationships between tasks that don't have Dags yet. Set the Dag for at least one task and try again: [<Task(_PythonDecoratedOperator): create_datawarehouse_db>, <Task(SQLExecuteQueryOperator): schemas_creation>]","logger":"airflow.dag_processing.dagbag.BundleDagBag","filename":"dagbag.py","lineno":327}
{"timestamp":"2026-05-22T15:15:06.753280Z","level":"info","event":"Filling up the DagBag from /opt/airflow/dags/bronze_layer.py","logger":"airflow.dag_processing.dagbag.BundleDagBag","filename":"dagbag.py","lineno":469}
{"timestamp":"2026-05-22T15:15:06.758857Z","level":"error","event":"Failed to import: /opt/airflow/dags/bronze_layer.py","logger":"airflow.dag_processing.importers.python_importer","filename":"python_importer.py","lineno":244,"error_detail":[{"exc_type":"IndentationError","exc_value":"expected an indented block after function definition on line 27 (bronze_layer.py, line 29)","exc_notes":[],"syntax_error":{"offset":1,"filename":"/opt/airflow/dags/bronze_layer.py","line":"def _ingesting_csv(file_name, source_type):\n","lineno":29,"msg":"expected an indented block after function definition on line 27"},"is_cause":false,"frames":[{"filename":"/home/airflow/.local/lib/python3.13/site-packages/airflow/dag_processing/importers/python_importer.py","lineno":238,"name":"parse"},{"filename":"<frozen importlib._bootstrap_external>","lineno":1019,"name":"exec_module"},{"filename":"<frozen importlib._bootstrap_external>","lineno":1157,"name":"get_code"},{"filename":"<frozen importlib._bootstrap_external>","lineno":1087,"name":"source_to_code"},{"filename":"<frozen importlib._bootstrap>","lineno":488,"name":"_call_with_frames_removed"}],"is_group":false,"exceptions":[]}]}
{"timestamp":"2026-05-22T15:15:06.763817Z","level":"error","event":"Error loading DAG from bronze_layer.py: expected an indented block after function definition on line 27 (bronze_layer.py, line 29)","logger":"airflow.dag_processing.dagbag.BundleDagBag","filename":"dagbag.py","lineno":327}
{"timestamp":"2026-05-22T15:15:18.773795Z","level":"info","event":"Filling up the DagBag from /opt/airflow/dags/bronze_layer.py","logger":"airflow.dag_processing.dagbag.BundleDagBag","filename":"dagbag.py","lineno":469}
{"timestamp":"2026-05-22T15:15:18.791369Z","level":"error","event":"Failed to import: /opt/airflow/dags/bronze_layer.py","logger":"airflow.dag_processing.importers.python_importer","filename":"python_importer.py","lineno":244,"error_detail":[{"exc_type":"IndentationError","exc_value":"expected an indented block after function definition on line 27 (bronze_layer.py, line 29)","exc_notes":[],"syntax_error":{"offset":1,"filename":"/opt/airflow/dags/bronze_layer.py","line":"def _ingesting_csv(file_name, source_type):\n","lineno":29,"msg":"expected an indented block after function definition on line 27"},"is_cause":false,"frames":[{"filename":"/home/airflow/.local/lib/python3.13/site-packages/airflow/dag_processing/importers/python_importer.py","lineno":238,"name":"parse"},{"filename":"<frozen importlib._bootstrap_external>","lineno":1019,"name":"exec_module"},{"filename":"<frozen importlib._bootstrap_external>","lineno":1157,"name":"get_code"},{"filename":"<frozen importlib._bootstrap_external>","lineno":1087,"name":"source_to_code"},{"filename":"<frozen importlib._bootstrap>","lineno":488,"name":"_call_with_frames_removed"}],"is_group":false,"exceptions":[]}]}
{"timestamp":"2026-05-22T15:15:18.793963Z","level":"error","event":"Error loading DAG from bronze_layer.py: expected an indented block after function definition on line 27 (bronze_layer.py, line 29)","logger":"airflow.dag_processing.dagbag.BundleDagBag","filename":"dagbag.py","lineno":327}
{"timestamp":"2026-05-22T15:15:35.113521Z","level":"info","event":"Filling up the DagBag from /opt/airflow/dags/bronze_layer.py","logger":"airflow.dag_processing.dagbag.BundleDagBag","filename":"dagbag.py","lineno":469}
{"timestamp":"2026-05-22T15:15:35.154184Z","level":"error","event":"Failed to import: /opt/airflow/dags/bronze_layer.py","logger":"airflow.dag_processing.importers.python_importer","filename":"python_importer.py","lineno":244,"error_detail":[{"exc_type":"TypeError","exc_value":"'>' not supported between instances of 'PlainXComArg' and 'list'","exc_notes":[],"syntax_error":null,"is_cause":false,"frames":[{"filename":"/home/airflow/.local/lib/python3.13/site-packages/airflow/dag_processing/importers/python_importer.py","lineno":238,"name":"parse"},{"filename":"<frozen importlib._bootstrap_external>","lineno":1023,"name":"exec_module"},{"filename":"<frozen importlib._bootstrap>","lineno":488,"name":"_call_with_frames_removed"},{"filename":"/opt/airflow/dags/bronze_layer.py","lineno":196,"name":"<module>"},{"filename":"/home/airflow/.local/lib/python3.13/site-packages/airflow/sdk/definitions/dag.py","lineno":1629,"name":"factory"},{"filename":"/opt/airflow/dags/bronze_layer.py","lineno":194,"name":"bronze_layer"}],"is_group":false,"exceptions":[]}]}
{"timestamp":"2026-05-22T15:15:35.159392Z","level":"error","event":"Error loading DAG from bronze_layer.py: '>' not supported between instances of 'PlainXComArg' and 'list'","logger":"airflow.dag_processing.dagbag.BundleDagBag","filename":"dagbag.py","lineno":327}
{"timestamp":"2026-05-22T15:15:43.359591Z","level":"info","event":"Filling up the DagBag from /opt/airflow/dags/bronze_layer.py","logger":"airflow.dag_processing.dagbag.BundleDagBag","filename":"dagbag.py","lineno":469}
{"timestamp":"2026-05-22T15:15:43.437481Z","level":"error","event":"Failed to import: /opt/airflow/dags/bronze_layer.py","logger":"airflow.dag_processing.importers.python_importer","filename":"python_importer.py","lineno":244,"error_detail":[{"exc_type":"TypeError","exc_value":"'>' not supported between instances of 'PlainXComArg' and 'list'","exc_notes":[],"syntax_error":null,"is_cause":false,"frames":[{"filename":"/home/airflow/.local/lib/python3.13/site-packages/airflow/dag_processing/importers/python_importer.py","lineno":238,"name":"parse"},{"filename":"<frozen importlib._bootstrap_external>","lineno":1023,"name":"exec_module"},{"filename":"<frozen importlib._bootstrap>","lineno":488,"name":"_call_with_frames_removed"},{"filename":"/opt/airflow/dags/bronze_layer.py","lineno":196,"name":"<module>"},{"filename":"/home/airflow/.local/lib/python3.13/site-packages/airflow/sdk/definitions/dag.py","lineno":1629,"name":"factory"},{"filename":"/opt/airflow/dags/bronze_layer.py","lineno":194,"name":"bronze_layer"}],"is_group":false,"exceptions":[]}]}
{"timestamp":"2026-05-22T15:15:43.441972Z","level":"error","event":"Error loading DAG from bronze_layer.py: '>' not supported between instances of 'PlainXComArg' and 'list'","logger":"airflow.dag_processing.dagbag.BundleDagBag","filename":"dagbag.py","lineno":327}
{"timestamp":"2026-05-22T15:15:45.130733Z","level":"info","event":"Filling up the DagBag from /opt/airflow/dags/bronze_layer.py","logger":"airflow.dag_processing.dagbag.BundleDagBag","filename":"dagbag.py","lineno":469}
{"timestamp":"2026-05-22T15:15:45.175846Z","level":"error","event":"Failed to import: /opt/airflow/dags/bronze_layer.py","logger":"airflow.dag_processing.importers.python_importer","filename":"python_importer.py","lineno":244,"error_detail":[{"exc_type":"TypeError","exc_value":"'>' not supported between instances of 'PlainXComArg' and 'list'","exc_notes":[],"syntax_error":null,"is_cause":false,"frames":[{"filename":"/home/airflow/.local/lib/python3.13/site-packages/airflow/dag_processing/importers/python_importer.py","lineno":238,"name":"parse"},{"filename":"<frozen importlib._bootstrap_external>","lineno":1023,"name":"exec_module"},{"filename":"<frozen importlib._bootstrap>","lineno":488,"name":"_call_with_frames_removed"},{"filename":"/opt/airflow/dags/bronze_layer.py","lineno":196,"name":"<module>"},{"filename":"/home/airflow/.local/lib/python3.13/site-packages/airflow/sdk/definitions/dag.py","lineno":1629,"name":"factory"},{"filename":"/opt/airflow/dags/bronze_layer.py","lineno":194,"name":"bronze_layer"}],"is_group":false,"exceptions":[]}]}
{"timestamp":"2026-05-22T15:15:45.183950Z","level":"error","event":"Error loading DAG from bronze_layer.py: '>' not supported between instances of 'PlainXComArg' and 'list'","logger":"airflow.dag_processing.dagbag.BundleDagBag","filename":"dagbag.py","lineno":327}
{"timestamp":"2026-05-22T15:16:25.697696Z","level":"info","event":"Filling up the DagBag from /opt/airflow/dags/bronze_layer.py","logger":"airflow.dag_processing.dagbag.BundleDagBag","filename":"dagbag.py","lineno":469}
{"timestamp":"2026-05-22T15:16:25.770237Z","level":"error","event":"Failed to import: /opt/airflow/dags/bronze_layer.py","logger":"airflow.dag_processing.importers.python_importer","filename":"python_importer.py","lineno":244,"error_detail":[{"exc_type":"TypeError","exc_value":"'>' not supported between instances of 'PlainXComArg' and 'list'","exc_notes":[],"syntax_error":null,"is_cause":false,"frames":[{"filename":"/home/airflow/.local/lib/python3.13/site-packages/airflow/dag_processing/importers/python_importer.py","lineno":238,"name":"parse"},{"filename":"<frozen importlib._bootstrap_external>","lineno":1023,"name":"exec_module"},{"filename":"<frozen importlib._bootstrap>","lineno":488,"name":"_call_with_frames_removed"},{"filename":"/opt/airflow/dags/bronze_layer.py","lineno":196,"name":"<module>"},{"filename":"/home/airflow/.local/lib/python3.13/site-packages/airflow/sdk/definitions/dag.py","lineno":1629,"name":"factory"},{"filename":"/opt/airflow/dags/bronze_layer.py","lineno":194,"name":"bronze_layer"}],"is_group":false,"exceptions":[]}]}
{"timestamp":"2026-05-22T15:16:25.779970Z","level":"error","event":"Error loading DAG from bronze_layer.py: '>' not supported between instances of 'PlainXComArg' and 'list'","logger":"airflow.dag_processing.dagbag.BundleDagBag","filename":"dagbag.py","lineno":327}
{"timestamp":"2026-05-22T15:16:59.878306Z","level":"info","event":"Filling up the DagBag from /opt/airflow/dags/bronze_layer.py","logger":"airflow.dag_processing.dagbag.BundleDagBag","filename":"dagbag.py","lineno":469}
{"timestamp":"2026-05-22T15:16:59.986483Z","level":"error","event":"Failed to import: /opt/airflow/dags/bronze_layer.py","logger":"airflow.dag_processing.importers.python_importer","filename":"python_importer.py","lineno":244,"error_detail":[{"exc_type":"TypeError","exc_value":"'>' not supported between instances of 'PlainXComArg' and 'list'","exc_notes":[],"syntax_error":null,"is_cause":false,"frames":[{"filename":"/home/airflow/.local/lib/python3.13/site-packages/airflow/dag_processing/importers/python_importer.py","lineno":238,"name":"parse"},{"filename":"<frozen importlib._bootstrap_external>","lineno":1023,"name":"exec_module"},{"filename":"<frozen importlib._bootstrap>","lineno":488,"name":"_call_with_frames_removed"},{"filename":"/opt/airflow/dags/bronze_layer.py","lineno":196,"name":"<module>"},{"filename":"/home/airflow/.local/lib/python3.13/site-packages/airflow/sdk/definitions/dag.py","lineno":1629,"name":"factory"},{"filename":"/opt/airflow/dags/bronze_layer.py","lineno":194,"name":"bronze_layer"}],"is_group":false,"exceptions":[]}]}
{"timestamp":"2026-05-22T15:17:00.005529Z","level":"error","event":"Error loading DAG from bronze_layer.py: '>' not supported between instances of 'PlainXComArg' and 'list'","logger":"airflow.dag_processing.dagbag.BundleDagBag","filename":"dagbag.py","lineno":327}
{"timestamp":"2026-05-22T15:17:30.729490Z","level":"info","event":"Filling up the DagBag from /opt/airflow/dags/bronze_layer.py","logger":"airflow.dag_processing.dagbag.BundleDagBag","filename":"dagbag.py","lineno":469}
{"timestamp":"2026-05-22T15:17:30.763307Z","level":"error","event":"Failed to import: /opt/airflow/dags/bronze_layer.py","logger":"airflow.dag_processing.importers.python_importer","filename":"python_importer.py","lineno":244,"error_detail":[{"exc_type":"TypeError","exc_value":"'>' not supported between instances of 'PlainXComArg' and 'list'","exc_notes":[],"syntax_error":null,"is_cause":false,"frames":[{"filename":"/home/airflow/.local/lib/python3.13/site-packages/airflow/dag_processing/importers/python_importer.py","lineno":238,"name":"parse"},{"filename":"<frozen importlib._bootstrap_external>","lineno":1023,"name":"exec_module"},{"filename":"<frozen importlib._bootstrap>","lineno":488,"name":"_call_with_frames_removed"},{"filename":"/opt/airflow/dags/bronze_layer.py","lineno":196,"name":"<module>"},{"filename":"/home/airflow/.local/lib/python3.13/site-packages/airflow/sdk/definitions/dag.py","lineno":1629,"name":"factory"},{"filename":"/opt/airflow/dags/bronze_layer.py","lineno":194,"name":"bronze_layer"}],"is_group":false,"exceptions":[]}]}
{"timestamp":"2026-05-22T15:17:30.767484Z","level":"error","event":"Error loading DAG from bronze_layer.py: '>' not supported between instances of 'PlainXComArg' and 'list'","logger":"airflow.dag_processing.dagbag.BundleDagBag","filename":"dagbag.py","lineno":327}
{"timestamp":"2026-05-22T15:18:01.366095Z","level":"info","event":"Filling up the DagBag from /opt/airflow/dags/bronze_layer.py","logger":"airflow.dag_processing.dagbag.BundleDagBag","filename":"dagbag.py","lineno":469}
{"timestamp":"2026-05-22T15:18:01.402320Z","level":"error","event":"Failed to import: /opt/airflow/dags/bronze_layer.py","logger":"airflow.dag_processing.importers.python_importer","filename":"python_importer.py","lineno":244,"error_detail":[{"exc_type":"TypeError","exc_value":"'>' not supported between instances of 'PlainXComArg' and 'list'","exc_notes":[],"syntax_error":null,"is_cause":false,"frames":[{"filename":"/home/airflow/.local/lib/python3.13/site-packages/airflow/dag_processing/importers/python_importer.py","lineno":238,"name":"parse"},{"filename":"<frozen importlib._bootstrap_external>","lineno":1023,"name":"exec_module"},{"filename":"<frozen importlib._bootstrap>","lineno":488,"name":"_call_with_frames_removed"},{"filename":"/opt/airflow/dags/bronze_layer.py","lineno":196,"name":"<module>"},{"filename":"/home/airflow/.local/lib/python3.13/site-packages/airflow/sdk/definitions/dag.py","lineno":1629,"name":"factory"},{"filename":"/opt/airflow/dags/bronze_layer.py","lineno":194,"name":"bronze_layer"}],"is_group":false,"exceptions":[]}]}
{"timestamp":"2026-05-22T15:18:01.406400Z","level":"error","event":"Error loading DAG from bronze_layer.py: '>' not supported between instances of 'PlainXComArg' and 'list'","logger":"airflow.dag_processing.dagbag.BundleDagBag","filename":"dagbag.py","lineno":327}
{"timestamp":"2026-05-22T15:18:11.071989Z","level":"info","event":"Filling up the DagBag from /opt/airflow/dags/bronze_layer.py","logger":"airflow.dag_processing.dagbag.BundleDagBag","filename":"dagbag.py","lineno":469}
{"timestamp":"2026-05-22T15:18:46.943549Z","level":"info","event":"Filling up the DagBag from /opt/airflow/dags/bronze_layer.py","logger":"airflow.dag_processing.dagbag.BundleDagBag","filename":"dagbag.py","lineno":469}
{"timestamp":"2026-05-22T15:19:17.894065Z","level":"info","event":"Filling up the DagBag from /opt/airflow/dags/bronze_layer.py","logger":"airflow.dag_processing.dagbag.BundleDagBag","filename":"dagbag.py","lineno":469}
{"timestamp":"2026-05-22T15:19:49.522171Z","level":"info","event":"Filling up the DagBag from /opt/airflow/dags/bronze_layer.py","logger":"airflow.dag_processing.dagbag.BundleDagBag","filename":"dagbag.py","lineno":469}
{"timestamp":"2026-05-22T15:20:21.628263Z","level":"info","event":"Filling up the DagBag from /opt/airflow/dags/bronze_layer.py","logger":"airflow.dag_processing.dagbag.BundleDagBag","filename":"dagbag.py","lineno":469}
{"timestamp":"2026-05-22T15:20:52.663522Z","level":"info","event":"Filling up the DagBag from /opt/airflow/dags/bronze_layer.py","logger":"airflow.dag_processing.dagbag.BundleDagBag","filename":"dagbag.py","lineno":469}
{"timestamp":"2026-05-22T15:21:23.478627Z","level":"info","event":"Filling up the DagBag from /opt/airflow/dags/bronze_layer.py","logger":"airflow.dag_processing.dagbag.BundleDagBag","filename":"dagbag.py","lineno":469}
{"timestamp":"2026-05-22T15:21:53.909322Z","level":"info","event":"Filling up the DagBag from /opt/airflow/dags/bronze_layer.py","logger":"airflow.dag_processing.dagbag.BundleDagBag","filename":"dagbag.py","lineno":469}
{"timestamp":"2026-05-22T15:22:24.267433Z","level":"info","event":"Filling up the DagBag from /opt/airflow/dags/bronze_layer.py","logger":"airflow.dag_processing.dagbag.BundleDagBag","filename":"dagbag.py","lineno":469}
{"timestamp":"2026-05-22T15:22:56.988394Z","level":"info","event":"Filling up the DagBag from /opt/airflow/dags/bronze_layer.py","logger":"airflow.dag_processing.dagbag.BundleDagBag","filename":"dagbag.py","lineno":469}
{"timestamp":"2026-05-22T15:23:27.442793Z","level":"info","event":"Filling up the DagBag from /opt/airflow/dags/bronze_layer.py","logger":"airflow.dag_processing.dagbag.BundleDagBag","filename":"dagbag.py","lineno":469}
{"timestamp":"2026-05-22T15:24:06.114402Z","level":"info","event":"Filling up the DagBag from /opt/airflow/dags/bronze_layer.py","logger":"airflow.dag_processing.dagbag.BundleDagBag","filename":"dagbag.py","lineno":469}
{"timestamp":"2026-05-22T15:24:38.395035Z","level":"info","event":"Filling up the DagBag from /opt/airflow/dags/bronze_layer.py","logger":"airflow.dag_processing.dagbag.BundleDagBag","filename":"dagbag.py","lineno":469}
{"timestamp":"2026-05-22T15:25:32.213394Z","level":"info","event":"Filling up the DagBag from /opt/airflow/dags/bronze_layer.py","logger":"airflow.dag_processing.dagbag.BundleDagBag","filename":"dagbag.py","lineno":469}
{"timestamp":"2026-05-22T15:26:11.372900Z","level":"info","event":"Filling up the DagBag from /opt/airflow/dags/bronze_layer.py","logger":"airflow.dag_processing.dagbag.BundleDagBag","filename":"dagbag.py","lineno":469}
{"timestamp":"2026-05-22T15:26:43.068039Z","level":"info","event":"Filling up the DagBag from /opt/airflow/dags/bronze_layer.py","logger":"airflow.dag_processing.dagbag.BundleDagBag","filename":"dagbag.py","lineno":469}
{"timestamp":"2026-05-22T15:27:28.675247Z","level":"info","event":"Filling up the DagBag from /opt/airflow/dags/bronze_layer.py","logger":"airflow.dag_processing.dagbag.BundleDagBag","filename":"dagbag.py","lineno":469}
{"timestamp":"2026-05-22T15:28:39.364571Z","level":"info","event":"Filling up the DagBag from /opt/airflow/dags/bronze_layer.py","logger":"airflow.dag_processing.dagbag.BundleDagBag","filename":"dagbag.py","lineno":469}
{"timestamp":"2026-05-22T15:28:39.677563Z","level":"error","event":"Failed to import: /opt/airflow/dags/bronze_layer.py","logger":"airflow.dag_processing.importers.python_importer","filename":"python_importer.py","lineno":244,"error_detail":[{"exc_type":"NameError","exc_value":"name 'create_datawarehouse_db' is not defined","exc_notes":[],"syntax_error":null,"is_cause":false,"frames":[{"filename":"/home/airflow/.local/lib/python3.13/site-packages/airflow/dag_processing/importers/python_importer.py","lineno":238,"name":"parse"},{"filename":"<frozen importlib._bootstrap_external>","lineno":1023,"name":"exec_module"},{"filename":"<frozen importlib._bootstrap>","lineno":488,"name":"_call_with_frames_removed"},{"filename":"/opt/airflow/dags/bronze_layer.py","lineno":171,"name":"<module>"},{"filename":"/home/airflow/.local/lib/python3.13/site-packages/airflow/sdk/definitions/dag.py","lineno":1629,"name":"factory"},{"filename":"/opt/airflow/dags/bronze_layer.py","lineno":169,"name":"bronze_layer"}],"is_group":false,"exceptions":[]}]}
{"timestamp":"2026-05-22T15:28:39.960040Z","level":"error","event":"Error loading DAG from bronze_layer.py: name 'create_datawarehouse_db' is not defined","logger":"airflow.dag_processing.dagbag.BundleDagBag","filename":"dagbag.py","lineno":327}
{"timestamp":"2026-05-22T15:33:14.276389Z","level":"info","event":"Filling up the DagBag from /opt/airflow/dags/bronze_layer.py","logger":"airflow.dag_processing.dagbag.BundleDagBag","filename":"dagbag.py","lineno":469}
{"timestamp":"2026-05-22T15:38:06.252429Z","level":"info","event":"Filling up the DagBag from /opt/airflow/dags/bronze_layer.py","logger":"airflow.dag_processing.dagbag.BundleDagBag","filename":"dagbag.py","lineno":469}
